mean_test_score,mean_fit_time,params,rank_test_scores,status,budgets,param_data_preprocessor:__choice__,param_feature_preprocessor:__choice__,param_regressor:__choice__,param_regressor:decision_tree:criterion,param_regressor:decision_tree:max_depth_factor,param_regressor:decision_tree:max_features,param_regressor:decision_tree:max_leaf_nodes,param_regressor:decision_tree:min_impurity_decrease,param_regressor:decision_tree:min_samples_leaf,param_regressor:decision_tree:min_samples_split,param_regressor:decision_tree:min_weight_fraction_leaf,param_regressor:extra_trees:bootstrap,param_regressor:extra_trees:criterion,param_regressor:extra_trees:max_depth,param_regressor:extra_trees:max_features,param_regressor:extra_trees:max_leaf_nodes,param_regressor:extra_trees:min_impurity_decrease,param_regressor:extra_trees:min_samples_leaf,param_regressor:extra_trees:min_samples_split,param_regressor:extra_trees:min_weight_fraction_leaf,param_regressor:gaussian_process:alpha,param_regressor:gaussian_process:thetaL,param_regressor:gaussian_process:thetaU,param_regressor:k_nearest_neighbors:n_neighbors,param_regressor:k_nearest_neighbors:p,param_regressor:k_nearest_neighbors:weights,param_regressor:random_forest:bootstrap,param_regressor:random_forest:criterion,param_regressor:random_forest:max_depth,param_regressor:random_forest:max_features,param_regressor:random_forest:max_leaf_nodes,param_regressor:random_forest:min_impurity_decrease,param_regressor:random_forest:min_samples_leaf,param_regressor:random_forest:min_samples_split,param_regressor:random_forest:min_weight_fraction_leaf,Experiment
1.0378807066278146,15.450676918029783,"{'data_preprocessor:__choice__': 'NoPreprocessing', 'feature_preprocessor:__choice__': 'no_preprocessing', 'regressor:__choice__': 'random_forest', 'regressor:random_forest:bootstrap': 'True', 'regressor:random_forest:criterion': 'mse', 'regressor:random_forest:max_depth': 'None', 'regressor:random_forest:max_features': 1.0, 'regressor:random_forest:max_leaf_nodes': 'None', 'regressor:random_forest:min_impurity_decrease': 0.0, 'regressor:random_forest:min_samples_leaf': 1, 'regressor:random_forest:min_samples_split': 2, 'regressor:random_forest:min_weight_fraction_leaf': 0.0}",3,Success,0.0,NoPreprocessing,no_preprocessing,random_forest,,,,,,,,,,,,,,,,,,,,,,,,True,mse,None,1.0,None,0.0,1.0,2.0,0.0,0
1.1048198990508875,10.011813163757324,"{'data_preprocessor:__choice__': 'NoPreprocessing', 'feature_preprocessor:__choice__': 'no_preprocessing', 'regressor:__choice__': 'random_forest', 'regressor:random_forest:bootstrap': 'True', 'regressor:random_forest:criterion': 'mse', 'regressor:random_forest:max_depth': 'None', 'regressor:random_forest:max_features': 0.7442800522641887, 'regressor:random_forest:max_leaf_nodes': 'None', 'regressor:random_forest:min_impurity_decrease': 0.0, 'regressor:random_forest:min_samples_leaf': 2, 'regressor:random_forest:min_samples_split': 3, 'regressor:random_forest:min_weight_fraction_leaf': 0.0}",4,Success,0.0,NoPreprocessing,no_preprocessing,random_forest,,,,,,,,,,,,,,,,,,,,,,,,True,mse,None,0.7442800522641887,None,0.0,2.0,3.0,0.0,0
2.697104594564113,3.652876377105713,"{'data_preprocessor:__choice__': 'NoPreprocessing', 'feature_preprocessor:__choice__': 'no_preprocessing', 'regressor:__choice__': 'decision_tree', 'regressor:decision_tree:criterion': 'mae', 'regressor:decision_tree:max_depth_factor': 0.5489701846804891, 'regressor:decision_tree:max_features': 1.0, 'regressor:decision_tree:max_leaf_nodes': 'None', 'regressor:decision_tree:min_impurity_decrease': 0.0, 'regressor:decision_tree:min_samples_leaf': 11, 'regressor:decision_tree:min_samples_split': 4, 'regressor:decision_tree:min_weight_fraction_leaf': 0.0}",13,Success,0.0,NoPreprocessing,no_preprocessing,decision_tree,mae,0.5489701846804891,1.0,None,0.0,11.0,4.0,0.0,,,,,,,,,,,,,,,,,,,,,,,,,0
1.5534431314735702,17.595483541488647,"{'data_preprocessor:__choice__': 'NoPreprocessing', 'feature_preprocessor:__choice__': 'no_preprocessing', 'regressor:__choice__': 'random_forest', 'regressor:random_forest:bootstrap': 'False', 'regressor:random_forest:criterion': 'friedman_mse', 'regressor:random_forest:max_depth': 'None', 'regressor:random_forest:max_features': 0.7850247804158559, 'regressor:random_forest:max_leaf_nodes': 'None', 'regressor:random_forest:min_impurity_decrease': 0.0, 'regressor:random_forest:min_samples_leaf': 3, 'regressor:random_forest:min_samples_split': 11, 'regressor:random_forest:min_weight_fraction_leaf': 0.0}",10,Success,0.0,NoPreprocessing,no_preprocessing,random_forest,,,,,,,,,,,,,,,,,,,,,,,,False,friedman_mse,None,0.7850247804158559,None,0.0,3.0,11.0,0.0,0
2.790212828094166,0.4141631126403808,"{'data_preprocessor:__choice__': 'NoPreprocessing', 'feature_preprocessor:__choice__': 'no_preprocessing', 'regressor:__choice__': 'decision_tree', 'regressor:decision_tree:criterion': 'friedman_mse', 'regressor:decision_tree:max_depth_factor': 0.9128568763282494, 'regressor:decision_tree:max_features': 1.0, 'regressor:decision_tree:max_leaf_nodes': 'None', 'regressor:decision_tree:min_impurity_decrease': 0.0, 'regressor:decision_tree:min_samples_leaf': 15, 'regressor:decision_tree:min_samples_split': 13, 'regressor:decision_tree:min_weight_fraction_leaf': 0.0}",14,Success,0.0,NoPreprocessing,no_preprocessing,decision_tree,friedman_mse,0.9128568763282494,1.0,None,0.0,15.0,13.0,0.0,,,,,,,,,,,,,,,,,,,,,,,,,0
2147483647.0,150.06236577033997,"{'data_preprocessor:__choice__': 'NoPreprocessing', 'feature_preprocessor:__choice__': 'no_preprocessing', 'regressor:__choice__': 'gaussian_process', 'regressor:gaussian_process:alpha': 4.101445199109573e-10, 'regressor:gaussian_process:thetaL': 0.0008693005874720372, 'regressor:gaussian_process:thetaU': 30917.884690389903}",16,Crash,0.0,NoPreprocessing,no_preprocessing,gaussian_process,,,,,,,,,,,,,,,,,,4.101445199109573e-10,0.000869300587472,30917.884690389903,,,,,,,,,,,,,0
0.8601365251321602,0.4437081813812256,"{'data_preprocessor:__choice__': 'NoPreprocessing', 'feature_preprocessor:__choice__': 'no_preprocessing', 'regressor:__choice__': 'k_nearest_neighbors', 'regressor:k_nearest_neighbors:n_neighbors': 2, 'regressor:k_nearest_neighbors:p': 1, 'regressor:k_nearest_neighbors:weights': 'distance'}",2,Success,0.0,NoPreprocessing,no_preprocessing,k_nearest_neighbors,,,,,,,,,,,,,,,,,,,,,2.0,1.0,distance,,,,,,,,,,0
1.2077964857614962,0.4537472724914551,"{'data_preprocessor:__choice__': 'NoPreprocessing', 'feature_preprocessor:__choice__': 'no_preprocessing', 'regressor:__choice__': 'k_nearest_neighbors', 'regressor:k_nearest_neighbors:n_neighbors': 1, 'regressor:k_nearest_neighbors:p': 1, 'regressor:k_nearest_neighbors:weights': 'uniform'}",5,Success,0.0,NoPreprocessing,no_preprocessing,k_nearest_neighbors,,,,,,,,,,,,,,,,,,,,,1.0,1.0,uniform,,,,,,,,,,0
1.8153440399695384,10.617348909378052,"{'data_preprocessor:__choice__': 'NoPreprocessing', 'feature_preprocessor:__choice__': 'no_preprocessing', 'regressor:__choice__': 'random_forest', 'regressor:random_forest:bootstrap': 'False', 'regressor:random_forest:criterion': 'mse', 'regressor:random_forest:max_depth': 'None', 'regressor:random_forest:max_features': 0.9480099042633983, 'regressor:random_forest:max_leaf_nodes': 'None', 'regressor:random_forest:min_impurity_decrease': 0.0, 'regressor:random_forest:min_samples_leaf': 14, 'regressor:random_forest:min_samples_split': 7, 'regressor:random_forest:min_weight_fraction_leaf': 0.0}",11,Success,0.0,NoPreprocessing,no_preprocessing,random_forest,,,,,,,,,,,,,,,,,,,,,,,,False,mse,None,0.9480099042633984,None,0.0,14.0,7.0,0.0,0
2147483647.0,150.04208183288574,"{'data_preprocessor:__choice__': 'NoPreprocessing', 'feature_preprocessor:__choice__': 'no_preprocessing', 'regressor:__choice__': 'random_forest', 'regressor:random_forest:bootstrap': 'False', 'regressor:random_forest:criterion': 'mae', 'regressor:random_forest:max_depth': 'None', 'regressor:random_forest:max_features': 0.8173718297670425, 'regressor:random_forest:max_leaf_nodes': 'None', 'regressor:random_forest:min_impurity_decrease': 0.0, 'regressor:random_forest:min_samples_leaf': 1, 'regressor:random_forest:min_samples_split': 4, 'regressor:random_forest:min_weight_fraction_leaf': 0.0}",16,Crash,0.0,NoPreprocessing,no_preprocessing,random_forest,,,,,,,,,,,,,,,,,,,,,,,,False,mae,None,0.8173718297670425,None,0.0,1.0,4.0,0.0,0
2.790212828094166,0.3997025489807129,"{'data_preprocessor:__choice__': 'NoPreprocessing', 'feature_preprocessor:__choice__': 'no_preprocessing', 'regressor:__choice__': 'decision_tree', 'regressor:decision_tree:criterion': 'friedman_mse', 'regressor:decision_tree:max_depth_factor': 0.7460767496741709, 'regressor:decision_tree:max_features': 1.0, 'regressor:decision_tree:max_leaf_nodes': 'None', 'regressor:decision_tree:min_impurity_decrease': 0.0, 'regressor:decision_tree:min_samples_leaf': 8, 'regressor:decision_tree:min_samples_split': 7, 'regressor:decision_tree:min_weight_fraction_leaf': 0.0}",14,Success,0.0,NoPreprocessing,no_preprocessing,decision_tree,friedman_mse,0.7460767496741709,1.0,None,0.0,8.0,7.0,0.0,,,,,,,,,,,,,,,,,,,,,,,,,0
1.498076278974029,8.812042236328125,"{'data_preprocessor:__choice__': 'NoPreprocessing', 'feature_preprocessor:__choice__': 'no_preprocessing', 'regressor:__choice__': 'random_forest', 'regressor:random_forest:bootstrap': 'True', 'regressor:random_forest:criterion': 'friedman_mse', 'regressor:random_forest:max_depth': 'None', 'regressor:random_forest:max_features': 0.518354617277625, 'regressor:random_forest:max_leaf_nodes': 'None', 'regressor:random_forest:min_impurity_decrease': 0.0, 'regressor:random_forest:min_samples_leaf': 4, 'regressor:random_forest:min_samples_split': 9, 'regressor:random_forest:min_weight_fraction_leaf': 0.0}",8,Success,0.0,NoPreprocessing,no_preprocessing,random_forest,,,,,,,,,,,,,,,,,,,,,,,,True,friedman_mse,None,0.518354617277625,None,0.0,4.0,9.0,0.0,0
1.54085705098156,4.1611034870147705,"{'data_preprocessor:__choice__': 'NoPreprocessing', 'feature_preprocessor:__choice__': 'no_preprocessing', 'regressor:__choice__': 'random_forest', 'regressor:random_forest:bootstrap': 'True', 'regressor:random_forest:criterion': 'mse', 'regressor:random_forest:max_depth': 'None', 'regressor:random_forest:max_features': 0.32293630569931225, 'regressor:random_forest:max_leaf_nodes': 'None', 'regressor:random_forest:min_impurity_decrease': 0.0, 'regressor:random_forest:min_samples_leaf': 13, 'regressor:random_forest:min_samples_split': 2, 'regressor:random_forest:min_weight_fraction_leaf': 0.0}",9,Success,0.0,NoPreprocessing,no_preprocessing,random_forest,,,,,,,,,,,,,,,,,,,,,,,,True,mse,None,0.3229363056993122,None,0.0,13.0,2.0,0.0,0
1.4361110419284686,6.466272830963135,"{'data_preprocessor:__choice__': 'NoPreprocessing', 'feature_preprocessor:__choice__': 'no_preprocessing', 'regressor:__choice__': 'random_forest', 'regressor:random_forest:bootstrap': 'True', 'regressor:random_forest:criterion': 'mse', 'regressor:random_forest:max_depth': 'None', 'regressor:random_forest:max_features': 0.7968567980056964, 'regressor:random_forest:max_leaf_nodes': 'None', 'regressor:random_forest:min_impurity_decrease': 0.0, 'regressor:random_forest:min_samples_leaf': 9, 'regressor:random_forest:min_samples_split': 4, 'regressor:random_forest:min_weight_fraction_leaf': 0.0}",7,Success,0.0,NoPreprocessing,no_preprocessing,random_forest,,,,,,,,,,,,,,,,,,,,,,,,True,mse,None,0.7968567980056964,None,0.0,9.0,4.0,0.0,0
1.2539486041887289,18.202260971069336,"{'data_preprocessor:__choice__': 'NoPreprocessing', 'feature_preprocessor:__choice__': 'no_preprocessing', 'regressor:__choice__': 'random_forest', 'regressor:random_forest:bootstrap': 'True', 'regressor:random_forest:criterion': 'friedman_mse', 'regressor:random_forest:max_depth': 'None', 'regressor:random_forest:max_features': 0.928175232417785, 'regressor:random_forest:max_leaf_nodes': 'None', 'regressor:random_forest:min_impurity_decrease': 0.0, 'regressor:random_forest:min_samples_leaf': 1, 'regressor:random_forest:min_samples_split': 2, 'regressor:random_forest:min_weight_fraction_leaf': 0.0}",6,Success,0.0,NoPreprocessing,no_preprocessing,random_forest,,,,,,,,,,,,,,,,,,,,,,,,True,friedman_mse,None,0.928175232417785,None,0.0,1.0,2.0,0.0,0
0.0875988402086561,55.24158573150635,"{'data_preprocessor:__choice__': 'NoPreprocessing', 'feature_preprocessor:__choice__': 'no_preprocessing', 'regressor:__choice__': 'gaussian_process', 'regressor:gaussian_process:alpha': 1.8809178054161862e-11, 'regressor:gaussian_process:thetaL': 7.998372647364621e-07, 'regressor:gaussian_process:thetaU': 2.2500410043510395}",1,Success,0.0,NoPreprocessing,no_preprocessing,gaussian_process,,,,,,,,,,,,,,,,,,1.8809178054161865e-11,7.998372647364621e-07,2.2500410043510395,,,,,,,,,,,,,0
2.0692222240741542,7.677821159362793,"{'data_preprocessor:__choice__': 'NoPreprocessing', 'feature_preprocessor:__choice__': 'no_preprocessing', 'regressor:__choice__': 'decision_tree', 'regressor:decision_tree:criterion': 'mae', 'regressor:decision_tree:max_depth_factor': 1.9097692875410452, 'regressor:decision_tree:max_features': 1.0, 'regressor:decision_tree:max_leaf_nodes': 'None', 'regressor:decision_tree:min_impurity_decrease': 0.0, 'regressor:decision_tree:min_samples_leaf': 8, 'regressor:decision_tree:min_samples_split': 10, 'regressor:decision_tree:min_weight_fraction_leaf': 0.0}",12,Success,0.0,NoPreprocessing,no_preprocessing,decision_tree,mae,1.9097692875410448,1.0,None,0.0,8.0,10.0,0.0,,,,,,,,,,,,,,,,,,,,,,,,,0
2147483647.0,66.01913285255432,"{'data_preprocessor:__choice__': 'NoPreprocessing', 'feature_preprocessor:__choice__': 'no_preprocessing', 'regressor:__choice__': 'random_forest', 'regressor:random_forest:bootstrap': 'True', 'regressor:random_forest:criterion': 'mae', 'regressor:random_forest:max_depth': 'None', 'regressor:random_forest:max_features': 0.6796559161330151, 'regressor:random_forest:max_leaf_nodes': 'None', 'regressor:random_forest:min_impurity_decrease': 0.0, 'regressor:random_forest:min_samples_leaf': 5, 'regressor:random_forest:min_samples_split': 2, 'regressor:random_forest:min_weight_fraction_leaf': 0.0}",16,Crash,0.0,NoPreprocessing,no_preprocessing,random_forest,,,,,,,,,,,,,,,,,,,,,,,,True,mae,None,0.6796559161330151,None,0.0,5.0,2.0,0.0,0
1.0080562640602104,15.322113752365112,"{'data_preprocessor:__choice__': 'NoPreprocessing', 'feature_preprocessor:__choice__': 'no_preprocessing', 'regressor:__choice__': 'random_forest', 'regressor:random_forest:bootstrap': 'True', 'regressor:random_forest:criterion': 'mse', 'regressor:random_forest:max_depth': 'None', 'regressor:random_forest:max_features': 1.0, 'regressor:random_forest:max_leaf_nodes': 'None', 'regressor:random_forest:min_impurity_decrease': 0.0, 'regressor:random_forest:min_samples_leaf': 1, 'regressor:random_forest:min_samples_split': 2, 'regressor:random_forest:min_weight_fraction_leaf': 0.0}",5,Success,0.0,NoPreprocessing,no_preprocessing,random_forest,,,,,,,,,,,,,,,,,,,,,,,,True,mse,None,1.0,None,0.0,1.0,2.0,0.0,1
1.24207245397487,4.640012264251709,"{'data_preprocessor:__choice__': 'NoPreprocessing', 'feature_preprocessor:__choice__': 'no_preprocessing', 'regressor:__choice__': 'random_forest', 'regressor:random_forest:bootstrap': 'True', 'regressor:random_forest:criterion': 'mse', 'regressor:random_forest:max_depth': 'None', 'regressor:random_forest:max_features': 0.2038150344636217, 'regressor:random_forest:max_leaf_nodes': 'None', 'regressor:random_forest:min_impurity_decrease': 0.0, 'regressor:random_forest:min_samples_leaf': 4, 'regressor:random_forest:min_samples_split': 11, 'regressor:random_forest:min_weight_fraction_leaf': 0.0}",7,Success,0.0,NoPreprocessing,no_preprocessing,random_forest,,,,,,,,,,,,,,,,,,,,,,,,True,mse,None,0.2038150344636217,None,0.0,4.0,11.0,0.0,1
0.0838543972769009,54.167019844055176,"{'data_preprocessor:__choice__': 'NoPreprocessing', 'feature_preprocessor:__choice__': 'no_preprocessing', 'regressor:__choice__': 'gaussian_process', 'regressor:gaussian_process:alpha': 8.217320219695214e-08, 'regressor:gaussian_process:thetaL': 1.0961044302090905e-05, 'regressor:gaussian_process:thetaU': 2.342689920580543}",2,Success,0.0,NoPreprocessing,no_preprocessing,gaussian_process,,,,,,,,,,,,,,,,,,8.217320219695216e-08,1.0961044302090903e-05,2.342689920580543,,,,,,,,,,,,,1
1.6075786988585312,5.287049293518066,"{'data_preprocessor:__choice__': 'NoPreprocessing', 'feature_preprocessor:__choice__': 'no_preprocessing', 'regressor:__choice__': 'random_forest', 'regressor:random_forest:bootstrap': 'True', 'regressor:random_forest:criterion': 'mse', 'regressor:random_forest:max_depth': 'None', 'regressor:random_forest:max_features': 0.7139855721993453, 'regressor:random_forest:max_leaf_nodes': 'None', 'regressor:random_forest:min_impurity_decrease': 0.0, 'regressor:random_forest:min_samples_leaf': 17, 'regressor:random_forest:min_samples_split': 15, 'regressor:random_forest:min_weight_fraction_leaf': 0.0}",8,Success,0.0,NoPreprocessing,no_preprocessing,random_forest,,,,,,,,,,,,,,,,,,,,,,,,True,mse,None,0.7139855721993453,None,0.0,17.0,15.0,0.0,1
0.7028490101548223,0.4807097911834717,"{'data_preprocessor:__choice__': 'NoPreprocessing', 'feature_preprocessor:__choice__': 'no_preprocessing', 'regressor:__choice__': 'k_nearest_neighbors', 'regressor:k_nearest_neighbors:n_neighbors': 11, 'regressor:k_nearest_neighbors:p': 1, 'regressor:k_nearest_neighbors:weights': 'uniform'}",3,Success,0.0,NoPreprocessing,no_preprocessing,k_nearest_neighbors,,,,,,,,,,,,,,,,,,,,,11.0,1.0,uniform,,,,,,,,,,1
1.0690638796712182,0.5149941444396973,"{'data_preprocessor:__choice__': 'NoPreprocessing', 'feature_preprocessor:__choice__': 'no_preprocessing', 'regressor:__choice__': 'k_nearest_neighbors', 'regressor:k_nearest_neighbors:n_neighbors': 70, 'regressor:k_nearest_neighbors:p': 1, 'regressor:k_nearest_neighbors:weights': 'uniform'}",6,Success,0.0,NoPreprocessing,no_preprocessing,k_nearest_neighbors,,,,,,,,,,,,,,,,,,,,,70.0,1.0,uniform,,,,,,,,,,1
2.455015421257356,112.13244390487672,"{'data_preprocessor:__choice__': 'NoPreprocessing', 'feature_preprocessor:__choice__': 'no_preprocessing', 'regressor:__choice__': 'extra_trees', 'regressor:extra_trees:bootstrap': 'False', 'regressor:extra_trees:criterion': 'mae', 'regressor:extra_trees:max_depth': 'None', 'regressor:extra_trees:max_features': 0.12237415639674165, 'regressor:extra_trees:max_leaf_nodes': 'None', 'regressor:extra_trees:min_impurity_decrease': 0.0, 'regressor:extra_trees:min_samples_leaf': 17, 'regressor:extra_trees:min_samples_split': 10, 'regressor:extra_trees:min_weight_fraction_leaf': 0.0}",9,Success,0.0,NoPreprocessing,no_preprocessing,extra_trees,,,,,,,,,False,mae,None,0.1223741563967416,None,0.0,17.0,10.0,0.0,,,,,,,,,,,,,,,,1
0.0001693140009126,107.63744187355042,"{'data_preprocessor:__choice__': 'NoPreprocessing', 'feature_preprocessor:__choice__': 'no_preprocessing', 'regressor:__choice__': 'gaussian_process', 'regressor:gaussian_process:alpha': 3.600653396670354e-08, 'regressor:gaussian_process:thetaL': 1.3378837537181956e-09, 'regressor:gaussian_process:thetaU': 393.1123690170445}",1,Success,0.0,NoPreprocessing,no_preprocessing,gaussian_process,,,,,,,,,,,,,,,,,,3.600653396670354e-08,1.3378837537181956e-09,393.1123690170445,,,,,,,,,,,,,1
2147483647.0,150.00897693634033,"{'data_preprocessor:__choice__': 'NoPreprocessing', 'feature_preprocessor:__choice__': 'no_preprocessing', 'regressor:__choice__': 'gaussian_process', 'regressor:gaussian_process:alpha': 6.567747457057607e-08, 'regressor:gaussian_process:thetaL': 0.0009791980974954476, 'regressor:gaussian_process:thetaU': 20924.285540606474}",11,Crash,0.0,NoPreprocessing,no_preprocessing,gaussian_process,,,,,,,,,,,,,,,,,,6.567747457057607e-08,0.0009791980974954,20924.28554060648,,,,,,,,,,,,,1
0.7475095739398434,0.4795510768890381,"{'data_preprocessor:__choice__': 'NoPreprocessing', 'feature_preprocessor:__choice__': 'no_preprocessing', 'regressor:__choice__': 'k_nearest_neighbors', 'regressor:k_nearest_neighbors:n_neighbors': 3, 'regressor:k_nearest_neighbors:p': 1, 'regressor:k_nearest_neighbors:weights': 'uniform'}",4,Success,0.0,NoPreprocessing,no_preprocessing,k_nearest_neighbors,,,,,,,,,,,,,,,,,,,,,3.0,1.0,uniform,,,,,,,,,,1
2.54386683239354,3.668723106384277,"{'data_preprocessor:__choice__': 'NoPreprocessing', 'feature_preprocessor:__choice__': 'no_preprocessing', 'regressor:__choice__': 'decision_tree', 'regressor:decision_tree:criterion': 'mae', 'regressor:decision_tree:max_depth_factor': 0.2356340117804936, 'regressor:decision_tree:max_features': 1.0, 'regressor:decision_tree:max_leaf_nodes': 'None', 'regressor:decision_tree:min_impurity_decrease': 0.0, 'regressor:decision_tree:min_samples_leaf': 14, 'regressor:decision_tree:min_samples_split': 11, 'regressor:decision_tree:min_weight_fraction_leaf': 0.0}",10,Success,0.0,NoPreprocessing,no_preprocessing,decision_tree,mae,0.2356340117804936,1.0,None,0.0,14.0,11.0,0.0,,,,,,,,,,,,,,,,,,,,,,,,,1
2147483647.0,104.10829138755798,"{'data_preprocessor:__choice__': 'NoPreprocessing', 'feature_preprocessor:__choice__': 'no_preprocessing', 'regressor:__choice__': 'gaussian_process', 'regressor:gaussian_process:alpha': 2.0663543946381083e-11, 'regressor:gaussian_process:thetaL': 7.200577899567778e-08, 'regressor:gaussian_process:thetaU': 204.49384033496688}",11,Crash,0.0,NoPreprocessing,no_preprocessing,gaussian_process,,,,,,,,,,,,,,,,,,2.0663543946381083e-11,7.200577899567778e-08,204.49384033496688,,,,,,,,,,,,,1
0.969236559476176,15.60580277442932,"{'data_preprocessor:__choice__': 'NoPreprocessing', 'feature_preprocessor:__choice__': 'no_preprocessing', 'regressor:__choice__': 'random_forest', 'regressor:random_forest:bootstrap': 'True', 'regressor:random_forest:criterion': 'mse', 'regressor:random_forest:max_depth': 'None', 'regressor:random_forest:max_features': 1.0, 'regressor:random_forest:max_leaf_nodes': 'None', 'regressor:random_forest:min_impurity_decrease': 0.0, 'regressor:random_forest:min_samples_leaf': 1, 'regressor:random_forest:min_samples_split': 2, 'regressor:random_forest:min_weight_fraction_leaf': 0.0}",5,Success,0.0,NoPreprocessing,no_preprocessing,random_forest,,,,,,,,,,,,,,,,,,,,,,,,True,mse,None,1.0,None,0.0,1.0,2.0,0.0,2
0.0449154332909241,75.56214570999146,"{'data_preprocessor:__choice__': 'NoPreprocessing', 'feature_preprocessor:__choice__': 'no_preprocessing', 'regressor:__choice__': 'gaussian_process', 'regressor:gaussian_process:alpha': 0.2847354676355906, 'regressor:gaussian_process:thetaL': 4.0471713390454856e-05, 'regressor:gaussian_process:thetaU': 54.72461893400612}",3,Success,0.0,NoPreprocessing,no_preprocessing,gaussian_process,,,,,,,,,,,,,,,,,,0.2847354676355906,4.0471713390454856e-05,54.72461893400612,,,,,,,,,,,,,2
0.0001600964241695,129.0239233970642,"{'data_preprocessor:__choice__': 'NoPreprocessing', 'feature_preprocessor:__choice__': 'no_preprocessing', 'regressor:__choice__': 'gaussian_process', 'regressor:gaussian_process:alpha': 2.3297344961679295e-10, 'regressor:gaussian_process:thetaL': 7.585457482083058e-10, 'regressor:gaussian_process:thetaU': 67672.25973644463}",1,Success,0.0,NoPreprocessing,no_preprocessing,gaussian_process,,,,,,,,,,,,,,,,,,2.329734496167929e-10,7.585457482083051e-10,67672.25973644463,,,,,,,,,,,,,2
2147483647.0,150.10949182510376,"{'data_preprocessor:__choice__': 'NoPreprocessing', 'feature_preprocessor:__choice__': 'no_preprocessing', 'regressor:__choice__': 'random_forest', 'regressor:random_forest:bootstrap': 'True', 'regressor:random_forest:criterion': 'mae', 'regressor:random_forest:max_depth': 'None', 'regressor:random_forest:max_features': 0.4974507731430424, 'regressor:random_forest:max_leaf_nodes': 'None', 'regressor:random_forest:min_impurity_decrease': 0.0, 'regressor:random_forest:min_samples_leaf': 5, 'regressor:random_forest:min_samples_split': 8, 'regressor:random_forest:min_weight_fraction_leaf': 0.0}",10,Crash,0.0,NoPreprocessing,no_preprocessing,random_forest,,,,,,,,,,,,,,,,,,,,,,,,True,mae,None,0.4974507731430424,None,0.0,5.0,8.0,0.0,2
0.979737006171514,0.4908900260925293,"{'data_preprocessor:__choice__': 'NoPreprocessing', 'feature_preprocessor:__choice__': 'no_preprocessing', 'regressor:__choice__': 'k_nearest_neighbors', 'regressor:k_nearest_neighbors:n_neighbors': 58, 'regressor:k_nearest_neighbors:p': 1, 'regressor:k_nearest_neighbors:weights': 'distance'}",6,Success,0.0,NoPreprocessing,no_preprocessing,k_nearest_neighbors,,,,,,,,,,,,,,,,,,,,,58.0,1.0,distance,,,,,,,,,,2
1.0900305310036047,0.4146995544433594,"{'data_preprocessor:__choice__': 'NoPreprocessing', 'feature_preprocessor:__choice__': 'no_preprocessing', 'regressor:__choice__': 'k_nearest_neighbors', 'regressor:k_nearest_neighbors:n_neighbors': 1, 'regressor:k_nearest_neighbors:p': 2, 'regressor:k_nearest_neighbors:weights': 'distance'}",7,Success,0.0,NoPreprocessing,no_preprocessing,k_nearest_neighbors,,,,,,,,,,,,,,,,,,,,,1.0,2.0,distance,,,,,,,,,,2
0.0001601419579185,97.74070930480956,"{'data_preprocessor:__choice__': 'NoPreprocessing', 'feature_preprocessor:__choice__': 'no_preprocessing', 'regressor:__choice__': 'gaussian_process', 'regressor:gaussian_process:alpha': 4.1355740849804315e-11, 'regressor:gaussian_process:thetaL': 2.2638952835264513e-06, 'regressor:gaussian_process:thetaU': 285.87471040992415}",2,Success,0.0,NoPreprocessing,no_preprocessing,gaussian_process,,,,,,,,,,,,,,,,,,4.135574084980432e-11,2.263895283526452e-06,285.87471040992415,,,,,,,,,,,,,2
0.7628427539307383,0.4884529113769531,"{'data_preprocessor:__choice__': 'NoPreprocessing', 'feature_preprocessor:__choice__': 'no_preprocessing', 'regressor:__choice__': 'k_nearest_neighbors', 'regressor:k_nearest_neighbors:n_neighbors': 2, 'regressor:k_nearest_neighbors:p': 2, 'regressor:k_nearest_neighbors:weights': 'uniform'}",4,Success,0.0,NoPreprocessing,no_preprocessing,k_nearest_neighbors,,,,,,,,,,,,,,,,,,,,,2.0,2.0,uniform,,,,,,,,,,2
2.032523570194071,6.867083311080933,"{'data_preprocessor:__choice__': 'NoPreprocessing', 'feature_preprocessor:__choice__': 'no_preprocessing', 'regressor:__choice__': 'decision_tree', 'regressor:decision_tree:criterion': 'mae', 'regressor:decision_tree:max_depth_factor': 1.1784974677385487, 'regressor:decision_tree:max_features': 1.0, 'regressor:decision_tree:max_leaf_nodes': 'None', 'regressor:decision_tree:min_impurity_decrease': 0.0, 'regressor:decision_tree:min_samples_leaf': 18, 'regressor:decision_tree:min_samples_split': 10, 'regressor:decision_tree:min_weight_fraction_leaf': 0.0}",9,Success,0.0,NoPreprocessing,no_preprocessing,decision_tree,mae,1.178497467738549,1.0,None,0.0,18.0,10.0,0.0,,,,,,,,,,,,,,,,,,,,,,,,,2
1.2077289376673304,0.4109320640563965,"{'data_preprocessor:__choice__': 'NoPreprocessing', 'feature_preprocessor:__choice__': 'no_preprocessing', 'regressor:__choice__': 'k_nearest_neighbors', 'regressor:k_nearest_neighbors:n_neighbors': 1, 'regressor:k_nearest_neighbors:p': 1, 'regressor:k_nearest_neighbors:weights': 'distance'}",8,Success,0.0,NoPreprocessing,no_preprocessing,k_nearest_neighbors,,,,,,,,,,,,,,,,,,,,,1.0,1.0,distance,,,,,,,,,,2
2147483647.0,90.00939607620239,"{'data_preprocessor:__choice__': 'NoPreprocessing', 'feature_preprocessor:__choice__': 'no_preprocessing', 'regressor:__choice__': 'gaussian_process', 'regressor:gaussian_process:alpha': 2.7252752909017772e-08, 'regressor:gaussian_process:thetaL': 7.856767790321885e-06, 'regressor:gaussian_process:thetaU': 1307.9500579998407}",10,Crash,0.0,NoPreprocessing,no_preprocessing,gaussian_process,,,,,,,,,,,,,,,,,,2.725275290901777e-08,7.856767790321885e-06,1307.9500579998407,,,,,,,,,,,,,2
1.1015700124012162,15.569544315338137,"{'data_preprocessor:__choice__': 'NoPreprocessing', 'feature_preprocessor:__choice__': 'no_preprocessing', 'regressor:__choice__': 'random_forest', 'regressor:random_forest:bootstrap': 'True', 'regressor:random_forest:criterion': 'mse', 'regressor:random_forest:max_depth': 'None', 'regressor:random_forest:max_features': 1.0, 'regressor:random_forest:max_leaf_nodes': 'None', 'regressor:random_forest:min_impurity_decrease': 0.0, 'regressor:random_forest:min_samples_leaf': 1, 'regressor:random_forest:min_samples_split': 2, 'regressor:random_forest:min_weight_fraction_leaf': 0.0}",10,Success,0.0,NoPreprocessing,no_preprocessing,random_forest,,,,,,,,,,,,,,,,,,,,,,,,True,mse,None,1.0,None,0.0,1.0,2.0,0.0,3
1.5613079809002095,4.840478181838989,"{'data_preprocessor:__choice__': 'NoPreprocessing', 'feature_preprocessor:__choice__': 'no_preprocessing', 'regressor:__choice__': 'random_forest', 'regressor:random_forest:bootstrap': 'False', 'regressor:random_forest:criterion': 'mse', 'regressor:random_forest:max_depth': 'None', 'regressor:random_forest:max_features': 0.10008399965385464, 'regressor:random_forest:max_leaf_nodes': 'None', 'regressor:random_forest:min_impurity_decrease': 0.0, 'regressor:random_forest:min_samples_leaf': 10, 'regressor:random_forest:min_samples_split': 11, 'regressor:random_forest:min_weight_fraction_leaf': 0.0}",11,Success,0.0,NoPreprocessing,no_preprocessing,random_forest,,,,,,,,,,,,,,,,,,,,,,,,False,mse,None,0.1000839996538546,None,0.0,10.0,11.0,0.0,3
2.848773708695718,0.4011878967285156,"{'data_preprocessor:__choice__': 'NoPreprocessing', 'feature_preprocessor:__choice__': 'no_preprocessing', 'regressor:__choice__': 'decision_tree', 'regressor:decision_tree:criterion': 'friedman_mse', 'regressor:decision_tree:max_depth_factor': 0.9041451071261701, 'regressor:decision_tree:max_features': 1.0, 'regressor:decision_tree:max_leaf_nodes': 'None', 'regressor:decision_tree:min_impurity_decrease': 0.0, 'regressor:decision_tree:min_samples_leaf': 14, 'regressor:decision_tree:min_samples_split': 11, 'regressor:decision_tree:min_weight_fraction_leaf': 0.0}",13,Success,0.0,NoPreprocessing,no_preprocessing,decision_tree,friedman_mse,0.90414510712617,1.0,None,0.0,14.0,11.0,0.0,,,,,,,,,,,,,,,,,,,,,,,,,3
0.8193332570648472,0.5064442157745361,"{'data_preprocessor:__choice__': 'NoPreprocessing', 'feature_preprocessor:__choice__': 'no_preprocessing', 'regressor:__choice__': 'k_nearest_neighbors', 'regressor:k_nearest_neighbors:n_neighbors': 3, 'regressor:k_nearest_neighbors:p': 1, 'regressor:k_nearest_neighbors:weights': 'distance'}",8,Success,0.0,NoPreprocessing,no_preprocessing,k_nearest_neighbors,,,,,,,,,,,,,,,,,,,,,3.0,1.0,distance,,,,,,,,,,3
0.0136250431131692,90.30845260620116,"{'data_preprocessor:__choice__': 'NoPreprocessing', 'feature_preprocessor:__choice__': 'no_preprocessing', 'regressor:__choice__': 'gaussian_process', 'regressor:gaussian_process:alpha': 0.034808429792408994, 'regressor:gaussian_process:thetaL': 1.7863407875790746e-09, 'regressor:gaussian_process:thetaU': 8072.395121871779}",3,Success,0.0,NoPreprocessing,no_preprocessing,gaussian_process,,,,,,,,,,,,,,,,,,0.0348084297924089,1.786340787579074e-09,8072.395121871779,,,,,,,,,,,,,3
1.848480215012242,4.658252000808716,"{'data_preprocessor:__choice__': 'NoPreprocessing', 'feature_preprocessor:__choice__': 'no_preprocessing', 'regressor:__choice__': 'extra_trees', 'regressor:extra_trees:bootstrap': 'False', 'regressor:extra_trees:criterion': 'friedman_mse', 'regressor:extra_trees:max_depth': 'None', 'regressor:extra_trees:max_features': 0.9382479358535848, 'regressor:extra_trees:max_leaf_nodes': 'None', 'regressor:extra_trees:min_impurity_decrease': 0.0, 'regressor:extra_trees:min_samples_leaf': 16, 'regressor:extra_trees:min_samples_split': 17, 'regressor:extra_trees:min_weight_fraction_leaf': 0.0}",12,Success,0.0,NoPreprocessing,no_preprocessing,extra_trees,,,,,,,,,False,friedman_mse,None,0.9382479358535848,None,0.0,16.0,17.0,0.0,,,,,,,,,,,,,,,,3
0.7135308950029896,0.4778769016265869,"{'data_preprocessor:__choice__': 'NoPreprocessing', 'feature_preprocessor:__choice__': 'no_preprocessing', 'regressor:__choice__': 'k_nearest_neighbors', 'regressor:k_nearest_neighbors:n_neighbors': 9, 'regressor:k_nearest_neighbors:p': 2, 'regressor:k_nearest_neighbors:weights': 'uniform'}",5,Success,0.0,NoPreprocessing,no_preprocessing,k_nearest_neighbors,,,,,,,,,,,,,,,,,,,,,9.0,2.0,uniform,,,,,,,,,,3
0.7532815266726451,0.4041118621826172,"{'data_preprocessor:__choice__': 'NoPreprocessing', 'feature_preprocessor:__choice__': 'no_preprocessing', 'regressor:__choice__': 'k_nearest_neighbors', 'regressor:k_nearest_neighbors:n_neighbors': 3, 'regressor:k_nearest_neighbors:p': 2, 'regressor:k_nearest_neighbors:weights': 'uniform'}",7,Success,0.0,NoPreprocessing,no_preprocessing,k_nearest_neighbors,,,,,,,,,,,,,,,,,,,,,3.0,2.0,uniform,,,,,,,,,,3
0.7410418981869417,0.4821021556854248,"{'data_preprocessor:__choice__': 'NoPreprocessing', 'feature_preprocessor:__choice__': 'no_preprocessing', 'regressor:__choice__': 'k_nearest_neighbors', 'regressor:k_nearest_neighbors:n_neighbors': 3, 'regressor:k_nearest_neighbors:p': 2, 'regressor:k_nearest_neighbors:weights': 'distance'}",6,Success,0.0,NoPreprocessing,no_preprocessing,k_nearest_neighbors,,,,,,,,,,,,,,,,,,,,,3.0,2.0,distance,,,,,,,,,,3
0.0002507399547839,96.17856311798096,"{'data_preprocessor:__choice__': 'NoPreprocessing', 'feature_preprocessor:__choice__': 'no_preprocessing', 'regressor:__choice__': 'gaussian_process', 'regressor:gaussian_process:alpha': 7.10684749967471e-10, 'regressor:gaussian_process:thetaL': 1.795340683823158e-08, 'regressor:gaussian_process:thetaU': 1058.796992198857}",1,Success,0.0,NoPreprocessing,no_preprocessing,gaussian_process,,,,,,,,,,,,,,,,,,7.106847499674711e-10,1.7953406838231582e-08,1058.796992198857,,,,,,,,,,,,,3
2.848773708695718,0.4018111228942871,"{'data_preprocessor:__choice__': 'NoPreprocessing', 'feature_preprocessor:__choice__': 'no_preprocessing', 'regressor:__choice__': 'decision_tree', 'regressor:decision_tree:criterion': 'friedman_mse', 'regressor:decision_tree:max_depth_factor': 0.04216622537613346, 'regressor:decision_tree:max_features': 1.0, 'regressor:decision_tree:max_leaf_nodes': 'None', 'regressor:decision_tree:min_impurity_decrease': 0.0, 'regressor:decision_tree:min_samples_leaf': 7, 'regressor:decision_tree:min_samples_split': 15, 'regressor:decision_tree:min_weight_fraction_leaf': 0.0}",13,Success,0.0,NoPreprocessing,no_preprocessing,decision_tree,friedman_mse,0.0421662253761334,1.0,None,0.0,7.0,15.0,0.0,,,,,,,,,,,,,,,,,,,,,,,,,3
0.9976431060417223,0.523029088973999,"{'data_preprocessor:__choice__': 'NoPreprocessing', 'feature_preprocessor:__choice__': 'no_preprocessing', 'regressor:__choice__': 'k_nearest_neighbors', 'regressor:k_nearest_neighbors:n_neighbors': 50, 'regressor:k_nearest_neighbors:p': 2, 'regressor:k_nearest_neighbors:weights': 'distance'}",9,Success,0.0,NoPreprocessing,no_preprocessing,k_nearest_neighbors,,,,,,,,,,,,,,,,,,,,,50.0,2.0,distance,,,,,,,,,,3
0.0002510026851065,120.02361726760864,"{'data_preprocessor:__choice__': 'NoPreprocessing', 'feature_preprocessor:__choice__': 'no_preprocessing', 'regressor:__choice__': 'gaussian_process', 'regressor:gaussian_process:alpha': 1.8898497557402085e-12, 'regressor:gaussian_process:thetaL': 2.460491798962298e-09, 'regressor:gaussian_process:thetaU': 80899.50560430823}",2,Success,0.0,NoPreprocessing,no_preprocessing,gaussian_process,,,,,,,,,,,,,,,,,,1.8898497557402085e-12,2.460491798962298e-09,80899.50560430823,,,,,,,,,,,,,3
0.0461522305307207,86.06535792350769,"{'data_preprocessor:__choice__': 'NoPreprocessing', 'feature_preprocessor:__choice__': 'no_preprocessing', 'regressor:__choice__': 'gaussian_process', 'regressor:gaussian_process:alpha': 0.21125274361652763, 'regressor:gaussian_process:thetaL': 3.7289224350030084e-07, 'regressor:gaussian_process:thetaU': 27.91882012279294}",4,Success,0.0,NoPreprocessing,no_preprocessing,gaussian_process,,,,,,,,,,,,,,,,,,0.2112527436165276,3.7289224350030084e-07,27.91882012279294,,,,,,,,,,,,,3
2147483647.0,120.01125860214232,"{'data_preprocessor:__choice__': 'NoPreprocessing', 'feature_preprocessor:__choice__': 'no_preprocessing', 'regressor:__choice__': 'random_forest', 'regressor:random_forest:bootstrap': 'True', 'regressor:random_forest:criterion': 'mae', 'regressor:random_forest:max_depth': 'None', 'regressor:random_forest:max_features': 0.21179483665598667, 'regressor:random_forest:max_leaf_nodes': 'None', 'regressor:random_forest:min_impurity_decrease': 0.0, 'regressor:random_forest:min_samples_leaf': 7, 'regressor:random_forest:min_samples_split': 17, 'regressor:random_forest:min_weight_fraction_leaf': 0.0}",15,Crash,0.0,NoPreprocessing,no_preprocessing,random_forest,,,,,,,,,,,,,,,,,,,,,,,,True,mae,None,0.2117948366559866,None,0.0,7.0,17.0,0.0,3
1.1394158040151603,15.830275535583496,"{'data_preprocessor:__choice__': 'NoPreprocessing', 'feature_preprocessor:__choice__': 'no_preprocessing', 'regressor:__choice__': 'random_forest', 'regressor:random_forest:bootstrap': 'True', 'regressor:random_forest:criterion': 'mse', 'regressor:random_forest:max_depth': 'None', 'regressor:random_forest:max_features': 1.0, 'regressor:random_forest:max_leaf_nodes': 'None', 'regressor:random_forest:min_impurity_decrease': 0.0, 'regressor:random_forest:min_samples_leaf': 1, 'regressor:random_forest:min_samples_split': 2, 'regressor:random_forest:min_weight_fraction_leaf': 0.0}",3,Success,0.0,NoPreprocessing,no_preprocessing,random_forest,,,,,,,,,,,,,,,,,,,,,,,,True,mse,None,1.0,None,0.0,1.0,2.0,0.0,4
2147483647.0,150.0260713100433,"{'data_preprocessor:__choice__': 'NoPreprocessing', 'feature_preprocessor:__choice__': 'no_preprocessing', 'regressor:__choice__': 'random_forest', 'regressor:random_forest:bootstrap': 'True', 'regressor:random_forest:criterion': 'mae', 'regressor:random_forest:max_depth': 'None', 'regressor:random_forest:max_features': 0.4692132952922684, 'regressor:random_forest:max_leaf_nodes': 'None', 'regressor:random_forest:min_impurity_decrease': 0.0, 'regressor:random_forest:min_samples_leaf': 15, 'regressor:random_forest:min_samples_split': 16, 'regressor:random_forest:min_weight_fraction_leaf': 0.0}",11,Crash,0.0,NoPreprocessing,no_preprocessing,random_forest,,,,,,,,,,,,,,,,,,,,,,,,True,mae,None,0.4692132952922684,None,0.0,15.0,16.0,0.0,4
2.7946838402418352,3.672872304916382,"{'data_preprocessor:__choice__': 'NoPreprocessing', 'feature_preprocessor:__choice__': 'no_preprocessing', 'regressor:__choice__': 'decision_tree', 'regressor:decision_tree:criterion': 'mae', 'regressor:decision_tree:max_depth_factor': 0.32084812877316105, 'regressor:decision_tree:max_features': 1.0, 'regressor:decision_tree:max_leaf_nodes': 'None', 'regressor:decision_tree:min_impurity_decrease': 0.0, 'regressor:decision_tree:min_samples_leaf': 15, 'regressor:decision_tree:min_samples_split': 6, 'regressor:decision_tree:min_weight_fraction_leaf': 0.0}",9,Success,0.0,NoPreprocessing,no_preprocessing,decision_tree,mae,0.320848128773161,1.0,None,0.0,15.0,6.0,0.0,,,,,,,,,,,,,,,,,,,,,,,,,4
2.7216670759786106,0.4583940505981445,"{'data_preprocessor:__choice__': 'NoPreprocessing', 'feature_preprocessor:__choice__': 'no_preprocessing', 'regressor:__choice__': 'decision_tree', 'regressor:decision_tree:criterion': 'mse', 'regressor:decision_tree:max_depth_factor': 0.17103200264061402, 'regressor:decision_tree:max_features': 1.0, 'regressor:decision_tree:max_leaf_nodes': 'None', 'regressor:decision_tree:min_impurity_decrease': 0.0, 'regressor:decision_tree:min_samples_leaf': 15, 'regressor:decision_tree:min_samples_split': 12, 'regressor:decision_tree:min_weight_fraction_leaf': 0.0}",8,Success,0.0,NoPreprocessing,no_preprocessing,decision_tree,mse,0.171032002640614,1.0,None,0.0,15.0,12.0,0.0,,,,,,,,,,,,,,,,,,,,,,,,,4
0.0227859744870882,83.05728363990784,"{'data_preprocessor:__choice__': 'NoPreprocessing', 'feature_preprocessor:__choice__': 'no_preprocessing', 'regressor:__choice__': 'gaussian_process', 'regressor:gaussian_process:alpha': 0.08802822256993655, 'regressor:gaussian_process:thetaL': 1.5084055053149892e-10, 'regressor:gaussian_process:thetaU': 90318.320918622}",2,Success,0.0,NoPreprocessing,no_preprocessing,gaussian_process,,,,,,,,,,,,,,,,,,0.0880282225699365,1.5084055053149892e-10,90318.320918622,,,,,,,,,,,,,4
0.0001951373381414,113.06806325912476,"{'data_preprocessor:__choice__': 'NoPreprocessing', 'feature_preprocessor:__choice__': 'no_preprocessing', 'regressor:__choice__': 'gaussian_process', 'regressor:gaussian_process:alpha': 5.1174721058692164e-08, 'regressor:gaussian_process:thetaL': 6.982748093032651e-10, 'regressor:gaussian_process:thetaU': 946.947342571923}",1,Success,0.0,NoPreprocessing,no_preprocessing,gaussian_process,,,,,,,,,,,,,,,,,,5.1174721058692164e-08,6.982748093032651e-10,946.947342571923,,,,,,,,,,,,,4
1.7562152977139849,3.218810558319092,"{'data_preprocessor:__choice__': 'NoPreprocessing', 'feature_preprocessor:__choice__': 'no_preprocessing', 'regressor:__choice__': 'random_forest', 'regressor:random_forest:bootstrap': 'True', 'regressor:random_forest:criterion': 'mse', 'regressor:random_forest:max_depth': 'None', 'regressor:random_forest:max_features': 0.140340861978603, 'regressor:random_forest:max_leaf_nodes': 'None', 'regressor:random_forest:min_impurity_decrease': 0.0, 'regressor:random_forest:min_samples_leaf': 14, 'regressor:random_forest:min_samples_split': 9, 'regressor:random_forest:min_weight_fraction_leaf': 0.0}",6,Success,0.0,NoPreprocessing,no_preprocessing,random_forest,,,,,,,,,,,,,,,,,,,,,,,,True,mse,None,0.140340861978603,None,0.0,14.0,9.0,0.0,4
2.626171586966917,137.98638486862183,"{'data_preprocessor:__choice__': 'NoPreprocessing', 'feature_preprocessor:__choice__': 'no_preprocessing', 'regressor:__choice__': 'extra_trees', 'regressor:extra_trees:bootstrap': 'False', 'regressor:extra_trees:criterion': 'mae', 'regressor:extra_trees:max_depth': 'None', 'regressor:extra_trees:max_features': 0.17227192128039143, 'regressor:extra_trees:max_leaf_nodes': 'None', 'regressor:extra_trees:min_impurity_decrease': 0.0, 'regressor:extra_trees:min_samples_leaf': 9, 'regressor:extra_trees:min_samples_split': 4, 'regressor:extra_trees:min_weight_fraction_leaf': 0.0}",7,Success,0.0,NoPreprocessing,no_preprocessing,extra_trees,,,,,,,,,False,mae,None,0.1722719212803914,None,0.0,9.0,4.0,0.0,,,,,,,,,,,,,,,,4
2.7969711195861464,0.4144062995910644,"{'data_preprocessor:__choice__': 'NoPreprocessing', 'feature_preprocessor:__choice__': 'no_preprocessing', 'regressor:__choice__': 'decision_tree', 'regressor:decision_tree:criterion': 'friedman_mse', 'regressor:decision_tree:max_depth_factor': 0.46746881221724346, 'regressor:decision_tree:max_features': 1.0, 'regressor:decision_tree:max_leaf_nodes': 'None', 'regressor:decision_tree:min_impurity_decrease': 0.0, 'regressor:decision_tree:min_samples_leaf': 17, 'regressor:decision_tree:min_samples_split': 20, 'regressor:decision_tree:min_weight_fraction_leaf': 0.0}",10,Success,0.0,NoPreprocessing,no_preprocessing,decision_tree,friedman_mse,0.4674688122172434,1.0,None,0.0,17.0,20.0,0.0,,,,,,,,,,,,,,,,,,,,,,,,,4
1.2725783564510815,53.95488500595093,"{'data_preprocessor:__choice__': 'NoPreprocessing', 'feature_preprocessor:__choice__': 'no_preprocessing', 'regressor:__choice__': 'gaussian_process', 'regressor:gaussian_process:alpha': 1.9885109465890645e-11, 'regressor:gaussian_process:thetaL': 1.066156260401775e-05, 'regressor:gaussian_process:thetaU': 1.0757058739851355}",5,Success,0.0,NoPreprocessing,no_preprocessing,gaussian_process,,,,,,,,,,,,,,,,,,1.9885109465890645e-11,1.066156260401775e-05,1.0757058739851355,,,,,,,,,,,,,4
1.193510611874535,0.5602121353149414,"{'data_preprocessor:__choice__': 'NoPreprocessing', 'feature_preprocessor:__choice__': 'no_preprocessing', 'regressor:__choice__': 'k_nearest_neighbors', 'regressor:k_nearest_neighbors:n_neighbors': 82, 'regressor:k_nearest_neighbors:p': 2, 'regressor:k_nearest_neighbors:weights': 'uniform'}",4,Success,0.0,NoPreprocessing,no_preprocessing,k_nearest_neighbors,,,,,,,,,,,,,,,,,,,,,82.0,2.0,uniform,,,,,,,,,,4
1.1196897966448776,15.577020406723022,"{'data_preprocessor:__choice__': 'NoPreprocessing', 'feature_preprocessor:__choice__': 'no_preprocessing', 'regressor:__choice__': 'random_forest', 'regressor:random_forest:bootstrap': 'True', 'regressor:random_forest:criterion': 'mse', 'regressor:random_forest:max_depth': 'None', 'regressor:random_forest:max_features': 1.0, 'regressor:random_forest:max_leaf_nodes': 'None', 'regressor:random_forest:min_impurity_decrease': 0.0, 'regressor:random_forest:min_samples_leaf': 1, 'regressor:random_forest:min_samples_split': 2, 'regressor:random_forest:min_weight_fraction_leaf': 0.0}",7,Success,0.0,NoPreprocessing,no_preprocessing,random_forest,,,,,,,,,,,,,,,,,,,,,,,,True,mse,None,1.0,None,0.0,1.0,2.0,0.0,5
1.746712853090899,10.77305293083191,"{'data_preprocessor:__choice__': 'NoPreprocessing', 'feature_preprocessor:__choice__': 'no_preprocessing', 'regressor:__choice__': 'random_forest', 'regressor:random_forest:bootstrap': 'False', 'regressor:random_forest:criterion': 'friedman_mse', 'regressor:random_forest:max_depth': 'None', 'regressor:random_forest:max_features': 0.5958325525201288, 'regressor:random_forest:max_leaf_nodes': 'None', 'regressor:random_forest:min_impurity_decrease': 0.0, 'regressor:random_forest:min_samples_leaf': 11, 'regressor:random_forest:min_samples_split': 15, 'regressor:random_forest:min_weight_fraction_leaf': 0.0}",9,Success,0.0,NoPreprocessing,no_preprocessing,random_forest,,,,,,,,,,,,,,,,,,,,,,,,False,friedman_mse,None,0.5958325525201288,None,0.0,11.0,15.0,0.0,5
2.7752824034879087,3.769523143768311,"{'data_preprocessor:__choice__': 'NoPreprocessing', 'feature_preprocessor:__choice__': 'no_preprocessing', 'regressor:__choice__': 'decision_tree', 'regressor:decision_tree:criterion': 'mae', 'regressor:decision_tree:max_depth_factor': 0.7624059309503022, 'regressor:decision_tree:max_features': 1.0, 'regressor:decision_tree:max_leaf_nodes': 'None', 'regressor:decision_tree:min_impurity_decrease': 0.0, 'regressor:decision_tree:min_samples_leaf': 6, 'regressor:decision_tree:min_samples_split': 13, 'regressor:decision_tree:min_weight_fraction_leaf': 0.0}",14,Success,0.0,NoPreprocessing,no_preprocessing,decision_tree,mae,0.7624059309503022,1.0,None,0.0,6.0,13.0,0.0,,,,,,,,,,,,,,,,,,,,,,,,,5
1.1446497797760662,8.973605871200562,"{'data_preprocessor:__choice__': 'NoPreprocessing', 'feature_preprocessor:__choice__': 'no_preprocessing', 'regressor:__choice__': 'random_forest', 'regressor:random_forest:bootstrap': 'False', 'regressor:random_forest:criterion': 'mse', 'regressor:random_forest:max_depth': 'None', 'regressor:random_forest:max_features': 0.21224946595239083, 'regressor:random_forest:max_leaf_nodes': 'None', 'regressor:random_forest:min_impurity_decrease': 0.0, 'regressor:random_forest:min_samples_leaf': 2, 'regressor:random_forest:min_samples_split': 4, 'regressor:random_forest:min_weight_fraction_leaf': 0.0}",8,Success,0.0,NoPreprocessing,no_preprocessing,random_forest,,,,,,,,,,,,,,,,,,,,,,,,False,mse,None,0.2122494659523908,None,0.0,2.0,4.0,0.0,5
0.8025250201805534,0.4784536361694336,"{'data_preprocessor:__choice__': 'NoPreprocessing', 'feature_preprocessor:__choice__': 'no_preprocessing', 'regressor:__choice__': 'k_nearest_neighbors', 'regressor:k_nearest_neighbors:n_neighbors': 5, 'regressor:k_nearest_neighbors:p': 1, 'regressor:k_nearest_neighbors:weights': 'uniform'}",6,Success,0.0,NoPreprocessing,no_preprocessing,k_nearest_neighbors,,,,,,,,,,,,,,,,,,,,,5.0,1.0,uniform,,,,,,,,,,5
0.0002451698141732,108.8838541507721,"{'data_preprocessor:__choice__': 'NoPreprocessing', 'feature_preprocessor:__choice__': 'no_preprocessing', 'regressor:__choice__': 'gaussian_process', 'regressor:gaussian_process:alpha': 2.0285067403362926e-14, 'regressor:gaussian_process:thetaL': 2.447866911774232e-07, 'regressor:gaussian_process:thetaU': 483.7435312140756}",3,Success,0.0,NoPreprocessing,no_preprocessing,gaussian_process,,,,,,,,,,,,,,,,,,2.0285067403362926e-14,2.447866911774232e-07,483.7435312140756,,,,,,,,,,,,,5
2.559476358478672,2.262544631958008,"{'data_preprocessor:__choice__': 'NoPreprocessing', 'feature_preprocessor:__choice__': 'no_preprocessing', 'regressor:__choice__': 'extra_trees', 'regressor:extra_trees:bootstrap': 'False', 'regressor:extra_trees:criterion': 'friedman_mse', 'regressor:extra_trees:max_depth': 'None', 'regressor:extra_trees:max_features': 0.15954551806258724, 'regressor:extra_trees:max_leaf_nodes': 'None', 'regressor:extra_trees:min_impurity_decrease': 0.0, 'regressor:extra_trees:min_samples_leaf': 12, 'regressor:extra_trees:min_samples_split': 15, 'regressor:extra_trees:min_weight_fraction_leaf': 0.0}",12,Success,0.0,NoPreprocessing,no_preprocessing,extra_trees,,,,,,,,,False,friedman_mse,None,0.1595455180625872,None,0.0,12.0,15.0,0.0,,,,,,,,,,,,,,,,5
0.0035018098125482,52.96496748924256,"{'data_preprocessor:__choice__': 'NoPreprocessing', 'feature_preprocessor:__choice__': 'no_preprocessing', 'regressor:__choice__': 'gaussian_process', 'regressor:gaussian_process:alpha': 0.0015314216285451465, 'regressor:gaussian_process:thetaL': 0.00036398949358516504, 'regressor:gaussian_process:thetaU': 6.443336276147491}",4,Success,0.0,NoPreprocessing,no_preprocessing,gaussian_process,,,,,,,,,,,,,,,,,,0.0015314216285451,0.0003639894935851,6.443336276147491,,,,,,,,,,,,,5
0.0438097813085922,87.50531220436096,"{'data_preprocessor:__choice__': 'NoPreprocessing', 'feature_preprocessor:__choice__': 'no_preprocessing', 'regressor:__choice__': 'gaussian_process', 'regressor:gaussian_process:alpha': 0.20350790668307886, 'regressor:gaussian_process:thetaL': 5.209596404080915e-09, 'regressor:gaussian_process:thetaU': 132.59864860389726}",5,Success,0.0,NoPreprocessing,no_preprocessing,gaussian_process,,,,,,,,,,,,,,,,,,0.2035079066830788,5.209596404080915e-09,132.59864860389726,,,,,,,,,,,,,5
2.7737743620557467,0.4117898941040039,"{'data_preprocessor:__choice__': 'NoPreprocessing', 'feature_preprocessor:__choice__': 'no_preprocessing', 'regressor:__choice__': 'decision_tree', 'regressor:decision_tree:criterion': 'friedman_mse', 'regressor:decision_tree:max_depth_factor': 0.9111685354773542, 'regressor:decision_tree:max_features': 1.0, 'regressor:decision_tree:max_leaf_nodes': 'None', 'regressor:decision_tree:min_impurity_decrease': 0.0, 'regressor:decision_tree:min_samples_leaf': 5, 'regressor:decision_tree:min_samples_split': 4, 'regressor:decision_tree:min_weight_fraction_leaf': 0.0}",13,Success,0.0,NoPreprocessing,no_preprocessing,decision_tree,friedman_mse,0.9111685354773542,1.0,None,0.0,5.0,4.0,0.0,,,,,,,,,,,,,,,,,,,,,,,,,5
0.0002451694319829,110.98549723625185,"{'data_preprocessor:__choice__': 'NoPreprocessing', 'feature_preprocessor:__choice__': 'no_preprocessing', 'regressor:__choice__': 'gaussian_process', 'regressor:gaussian_process:alpha': 3.73042588126176e-12, 'regressor:gaussian_process:thetaL': 5.730806843019476e-05, 'regressor:gaussian_process:thetaU': 11.13641306927715}",2,Success,0.0,NoPreprocessing,no_preprocessing,gaussian_process,,,,,,,,,,,,,,,,,,3.73042588126176e-12,5.730806843019476e-05,11.13641306927715,,,,,,,,,,,,,5
2.2289533792663083,8.282598495483398,"{'data_preprocessor:__choice__': 'NoPreprocessing', 'feature_preprocessor:__choice__': 'no_preprocessing', 'regressor:__choice__': 'decision_tree', 'regressor:decision_tree:criterion': 'mae', 'regressor:decision_tree:max_depth_factor': 1.2303991218815211, 'regressor:decision_tree:max_features': 1.0, 'regressor:decision_tree:max_leaf_nodes': 'None', 'regressor:decision_tree:min_impurity_decrease': 0.0, 'regressor:decision_tree:min_samples_leaf': 2, 'regressor:decision_tree:min_samples_split': 9, 'regressor:decision_tree:min_weight_fraction_leaf': 0.0}",11,Success,0.0,NoPreprocessing,no_preprocessing,decision_tree,mae,1.2303991218815211,1.0,None,0.0,2.0,9.0,0.0,,,,,,,,,,,,,,,,,,,,,,,,,5
1.8605077866147608,10.875345706939695,"{'data_preprocessor:__choice__': 'NoPreprocessing', 'feature_preprocessor:__choice__': 'no_preprocessing', 'regressor:__choice__': 'random_forest', 'regressor:random_forest:bootstrap': 'False', 'regressor:random_forest:criterion': 'friedman_mse', 'regressor:random_forest:max_depth': 'None', 'regressor:random_forest:max_features': 0.6323493662913474, 'regressor:random_forest:max_leaf_nodes': 'None', 'regressor:random_forest:min_impurity_decrease': 0.0, 'regressor:random_forest:min_samples_leaf': 15, 'regressor:random_forest:min_samples_split': 3, 'regressor:random_forest:min_weight_fraction_leaf': 0.0}",10,Success,0.0,NoPreprocessing,no_preprocessing,random_forest,,,,,,,,,,,,,,,,,,,,,,,,False,friedman_mse,None,0.6323493662913474,None,0.0,15.0,3.0,0.0,5
0.0002382725676593,109.93351793289185,"{'data_preprocessor:__choice__': 'NoPreprocessing', 'feature_preprocessor:__choice__': 'no_preprocessing', 'regressor:__choice__': 'gaussian_process', 'regressor:gaussian_process:alpha': 2.6843574294516994e-08, 'regressor:gaussian_process:thetaL': 2.510802816867893e-09, 'regressor:gaussian_process:thetaU': 414.1058288754004}",1,Success,0.0,NoPreprocessing,no_preprocessing,gaussian_process,,,,,,,,,,,,,,,,,,2.6843574294517e-08,2.510802816867892e-09,414.1058288754004,,,,,,,,,,,,,5
2147483647.0,9.017833948135376,"{'data_preprocessor:__choice__': 'NoPreprocessing', 'feature_preprocessor:__choice__': 'no_preprocessing', 'regressor:__choice__': 'random_forest', 'regressor:random_forest:bootstrap': 'False', 'regressor:random_forest:criterion': 'friedman_mse', 'regressor:random_forest:max_depth': 'None', 'regressor:random_forest:max_features': 0.8541988047313372, 'regressor:random_forest:max_leaf_nodes': 'None', 'regressor:random_forest:min_impurity_decrease': 0.0, 'regressor:random_forest:min_samples_leaf': 11, 'regressor:random_forest:min_samples_split': 9, 'regressor:random_forest:min_weight_fraction_leaf': 0.0}",15,Crash,0.0,NoPreprocessing,no_preprocessing,random_forest,,,,,,,,,,,,,,,,,,,,,,,,False,friedman_mse,None,0.8541988047313372,None,0.0,11.0,9.0,0.0,5
1.0284146519623942,15.656039237976074,"{'data_preprocessor:__choice__': 'NoPreprocessing', 'feature_preprocessor:__choice__': 'no_preprocessing', 'regressor:__choice__': 'random_forest', 'regressor:random_forest:bootstrap': 'True', 'regressor:random_forest:criterion': 'mse', 'regressor:random_forest:max_depth': 'None', 'regressor:random_forest:max_features': 1.0, 'regressor:random_forest:max_leaf_nodes': 'None', 'regressor:random_forest:min_impurity_decrease': 0.0, 'regressor:random_forest:min_samples_leaf': 1, 'regressor:random_forest:min_samples_split': 2, 'regressor:random_forest:min_weight_fraction_leaf': 0.0}",6,Success,0.0,NoPreprocessing,no_preprocessing,random_forest,,,,,,,,,,,,,,,,,,,,,,,,True,mse,None,1.0,None,0.0,1.0,2.0,0.0,6
2147483647.0,150.01201224327087,"{'data_preprocessor:__choice__': 'NoPreprocessing', 'feature_preprocessor:__choice__': 'no_preprocessing', 'regressor:__choice__': 'extra_trees', 'regressor:extra_trees:bootstrap': 'False', 'regressor:extra_trees:criterion': 'mae', 'regressor:extra_trees:max_depth': 'None', 'regressor:extra_trees:max_features': 0.31487614564030614, 'regressor:extra_trees:max_leaf_nodes': 'None', 'regressor:extra_trees:min_impurity_decrease': 0.0, 'regressor:extra_trees:min_samples_leaf': 8, 'regressor:extra_trees:min_samples_split': 12, 'regressor:extra_trees:min_weight_fraction_leaf': 0.0}",13,Crash,0.0,NoPreprocessing,no_preprocessing,extra_trees,,,,,,,,,False,mae,None,0.3148761456403061,None,0.0,8.0,12.0,0.0,,,,,,,,,,,,,,,,6
2147483647.0,150.08688402175903,"{'data_preprocessor:__choice__': 'NoPreprocessing', 'feature_preprocessor:__choice__': 'no_preprocessing', 'regressor:__choice__': 'gaussian_process', 'regressor:gaussian_process:alpha': 1.9689790205810115e-07, 'regressor:gaussian_process:thetaL': 6.02398083619597e-06, 'regressor:gaussian_process:thetaU': 1494.756770999167}",13,Crash,0.0,NoPreprocessing,no_preprocessing,gaussian_process,,,,,,,,,,,,,,,,,,1.9689790205810125e-07,6.02398083619597e-06,1494.756770999167,,,,,,,,,,,,,6
0.8506445544737427,0.4558141231536865,"{'data_preprocessor:__choice__': 'NoPreprocessing', 'feature_preprocessor:__choice__': 'no_preprocessing', 'regressor:__choice__': 'k_nearest_neighbors', 'regressor:k_nearest_neighbors:n_neighbors': 20, 'regressor:k_nearest_neighbors:p': 1, 'regressor:k_nearest_neighbors:weights': 'uniform'}",4,Success,0.0,NoPreprocessing,no_preprocessing,k_nearest_neighbors,,,,,,,,,,,,,,,,,,,,,20.0,1.0,uniform,,,,,,,,,,6
0.0187213897765228,93.18712878227234,"{'data_preprocessor:__choice__': 'NoPreprocessing', 'feature_preprocessor:__choice__': 'no_preprocessing', 'regressor:__choice__': 'gaussian_process', 'regressor:gaussian_process:alpha': 0.06198515023047045, 'regressor:gaussian_process:thetaL': 2.1091193356975787e-07, 'regressor:gaussian_process:thetaU': 5073.379939278713}",1,Success,0.0,NoPreprocessing,no_preprocessing,gaussian_process,,,,,,,,,,,,,,,,,,0.0619851502304704,2.109119335697579e-07,5073.379939278713,,,,,,,,,,,,,6
1.42246472189614,8.370491981506348,"{'data_preprocessor:__choice__': 'NoPreprocessing', 'feature_preprocessor:__choice__': 'no_preprocessing', 'regressor:__choice__': 'random_forest', 'regressor:random_forest:bootstrap': 'False', 'regressor:random_forest:criterion': 'mse', 'regressor:random_forest:max_depth': 'None', 'regressor:random_forest:max_features': 0.5569745505385935, 'regressor:random_forest:max_leaf_nodes': 'None', 'regressor:random_forest:min_impurity_decrease': 0.0, 'regressor:random_forest:min_samples_leaf': 10, 'regressor:random_forest:min_samples_split': 13, 'regressor:random_forest:min_weight_fraction_leaf': 0.0}",9,Success,0.0,NoPreprocessing,no_preprocessing,random_forest,,,,,,,,,,,,,,,,,,,,,,,,False,mse,None,0.5569745505385935,None,0.0,10.0,13.0,0.0,6
2.0020553426359804,0.445620059967041,"{'data_preprocessor:__choice__': 'NoPreprocessing', 'feature_preprocessor:__choice__': 'no_preprocessing', 'regressor:__choice__': 'decision_tree', 'regressor:decision_tree:criterion': 'mse', 'regressor:decision_tree:max_depth_factor': 1.1491107708324377, 'regressor:decision_tree:max_features': 1.0, 'regressor:decision_tree:max_leaf_nodes': 'None', 'regressor:decision_tree:min_impurity_decrease': 0.0, 'regressor:decision_tree:min_samples_leaf': 9, 'regressor:decision_tree:min_samples_split': 17, 'regressor:decision_tree:min_weight_fraction_leaf': 0.0}",11,Success,0.0,NoPreprocessing,no_preprocessing,decision_tree,mse,1.1491107708324375,1.0,None,0.0,9.0,17.0,0.0,,,,,,,,,,,,,,,,,,,,,,,,,6
1.1010080911010938,0.4653816223144531,"{'data_preprocessor:__choice__': 'NoPreprocessing', 'feature_preprocessor:__choice__': 'no_preprocessing', 'regressor:__choice__': 'k_nearest_neighbors', 'regressor:k_nearest_neighbors:n_neighbors': 1, 'regressor:k_nearest_neighbors:p': 2, 'regressor:k_nearest_neighbors:weights': 'uniform'}",7,Success,0.0,NoPreprocessing,no_preprocessing,k_nearest_neighbors,,,,,,,,,,,,,,,,,,,,,1.0,2.0,uniform,,,,,,,,,,6
1.2046510581054155,0.4722111225128174,"{'data_preprocessor:__choice__': 'NoPreprocessing', 'feature_preprocessor:__choice__': 'no_preprocessing', 'regressor:__choice__': 'k_nearest_neighbors', 'regressor:k_nearest_neighbors:n_neighbors': 1, 'regressor:k_nearest_neighbors:p': 1, 'regressor:k_nearest_neighbors:weights': 'distance'}",8,Success,0.0,NoPreprocessing,no_preprocessing,k_nearest_neighbors,,,,,,,,,,,,,,,,,,,,,1.0,1.0,distance,,,,,,,,,,6
0.6740057806563102,0.4419150352478027,"{'data_preprocessor:__choice__': 'NoPreprocessing', 'feature_preprocessor:__choice__': 'no_preprocessing', 'regressor:__choice__': 'k_nearest_neighbors', 'regressor:k_nearest_neighbors:n_neighbors': 10, 'regressor:k_nearest_neighbors:p': 2, 'regressor:k_nearest_neighbors:weights': 'distance'}",3,Success,0.0,NoPreprocessing,no_preprocessing,k_nearest_neighbors,,,,,,,,,,,,,,,,,,,,,10.0,2.0,distance,,,,,,,,,,6
2.636946440479572,0.4620168209075928,"{'data_preprocessor:__choice__': 'NoPreprocessing', 'feature_preprocessor:__choice__': 'no_preprocessing', 'regressor:__choice__': 'decision_tree', 'regressor:decision_tree:criterion': 'mse', 'regressor:decision_tree:max_depth_factor': 0.09934130930848939, 'regressor:decision_tree:max_features': 1.0, 'regressor:decision_tree:max_leaf_nodes': 'None', 'regressor:decision_tree:min_impurity_decrease': 0.0, 'regressor:decision_tree:min_samples_leaf': 10, 'regressor:decision_tree:min_samples_split': 20, 'regressor:decision_tree:min_weight_fraction_leaf': 0.0}",12,Success,0.0,NoPreprocessing,no_preprocessing,decision_tree,mse,0.0993413093084893,1.0,None,0.0,10.0,20.0,0.0,,,,,,,,,,,,,,,,,,,,,,,,,6
0.8819272701206583,0.4361655712127685,"{'data_preprocessor:__choice__': 'NoPreprocessing', 'feature_preprocessor:__choice__': 'no_preprocessing', 'regressor:__choice__': 'k_nearest_neighbors', 'regressor:k_nearest_neighbors:n_neighbors': 2, 'regressor:k_nearest_neighbors:p': 1, 'regressor:k_nearest_neighbors:weights': 'distance'}",5,Success,0.0,NoPreprocessing,no_preprocessing,k_nearest_neighbors,,,,,,,,,,,,,,,,,,,,,2.0,1.0,distance,,,,,,,,,,6
0.6658945128796974,0.4989669322967529,"{'data_preprocessor:__choice__': 'NoPreprocessing', 'feature_preprocessor:__choice__': 'no_preprocessing', 'regressor:__choice__': 'k_nearest_neighbors', 'regressor:k_nearest_neighbors:n_neighbors': 7, 'regressor:k_nearest_neighbors:p': 2, 'regressor:k_nearest_neighbors:weights': 'distance'}",2,Success,0.0,NoPreprocessing,no_preprocessing,k_nearest_neighbors,,,,,,,,,,,,,,,,,,,,,7.0,2.0,distance,,,,,,,,,,6
1.5768117173207274,6.089165687561035,"{'data_preprocessor:__choice__': 'NoPreprocessing', 'feature_preprocessor:__choice__': 'no_preprocessing', 'regressor:__choice__': 'random_forest', 'regressor:random_forest:bootstrap': 'True', 'regressor:random_forest:criterion': 'friedman_mse', 'regressor:random_forest:max_depth': 'None', 'regressor:random_forest:max_features': 0.475620611325294, 'regressor:random_forest:max_leaf_nodes': 'None', 'regressor:random_forest:min_impurity_decrease': 0.0, 'regressor:random_forest:min_samples_leaf': 10, 'regressor:random_forest:min_samples_split': 13, 'regressor:random_forest:min_weight_fraction_leaf': 0.0}",10,Success,0.0,NoPreprocessing,no_preprocessing,random_forest,,,,,,,,,,,,,,,,,,,,,,,,True,friedman_mse,None,0.475620611325294,None,0.0,10.0,13.0,0.0,6
2147483647.0,120.01452898979188,"{'data_preprocessor:__choice__': 'NoPreprocessing', 'feature_preprocessor:__choice__': 'no_preprocessing', 'regressor:__choice__': 'gaussian_process', 'regressor:gaussian_process:alpha': 6.588823723717042e-11, 'regressor:gaussian_process:thetaL': 0.0002112403296596298, 'regressor:gaussian_process:thetaU': 2290.1521943652633}",13,Crash,0.0,NoPreprocessing,no_preprocessing,gaussian_process,,,,,,,,,,,,,,,,,,6.588823723717042e-11,0.0002112403296596,2290.152194365264,,,,,,,,,,,,,6
0.9682384388228272,15.39646816253662,"{'data_preprocessor:__choice__': 'NoPreprocessing', 'feature_preprocessor:__choice__': 'no_preprocessing', 'regressor:__choice__': 'random_forest', 'regressor:random_forest:bootstrap': 'True', 'regressor:random_forest:criterion': 'mse', 'regressor:random_forest:max_depth': 'None', 'regressor:random_forest:max_features': 1.0, 'regressor:random_forest:max_leaf_nodes': 'None', 'regressor:random_forest:min_impurity_decrease': 0.0, 'regressor:random_forest:min_samples_leaf': 1, 'regressor:random_forest:min_samples_split': 2, 'regressor:random_forest:min_weight_fraction_leaf': 0.0}",7,Success,0.0,NoPreprocessing,no_preprocessing,random_forest,,,,,,,,,,,,,,,,,,,,,,,,True,mse,None,1.0,None,0.0,1.0,2.0,0.0,7
2147483647.0,150.0155577659607,"{'data_preprocessor:__choice__': 'NoPreprocessing', 'feature_preprocessor:__choice__': 'no_preprocessing', 'regressor:__choice__': 'extra_trees', 'regressor:extra_trees:bootstrap': 'True', 'regressor:extra_trees:criterion': 'mae', 'regressor:extra_trees:max_depth': 'None', 'regressor:extra_trees:max_features': 0.5593310016696579, 'regressor:extra_trees:max_leaf_nodes': 'None', 'regressor:extra_trees:min_impurity_decrease': 0.0, 'regressor:extra_trees:min_samples_leaf': 20, 'regressor:extra_trees:min_samples_split': 17, 'regressor:extra_trees:min_weight_fraction_leaf': 0.0}",11,Crash,0.0,NoPreprocessing,no_preprocessing,extra_trees,,,,,,,,,True,mae,None,0.5593310016696579,None,0.0,20.0,17.0,0.0,,,,,,,,,,,,,,,,7
0.890271732883331,0.5839846134185791,"{'data_preprocessor:__choice__': 'NoPreprocessing', 'feature_preprocessor:__choice__': 'no_preprocessing', 'regressor:__choice__': 'k_nearest_neighbors', 'regressor:k_nearest_neighbors:n_neighbors': 62, 'regressor:k_nearest_neighbors:p': 2, 'regressor:k_nearest_neighbors:weights': 'distance'}",6,Success,0.0,NoPreprocessing,no_preprocessing,k_nearest_neighbors,,,,,,,,,,,,,,,,,,,,,62.0,2.0,distance,,,,,,,,,,7
1.595187963797417,8.260696172714233,"{'data_preprocessor:__choice__': 'NoPreprocessing', 'feature_preprocessor:__choice__': 'no_preprocessing', 'regressor:__choice__': 'random_forest', 'regressor:random_forest:bootstrap': 'False', 'regressor:random_forest:criterion': 'mse', 'regressor:random_forest:max_depth': 'None', 'regressor:random_forest:max_features': 0.7342189810776768, 'regressor:random_forest:max_leaf_nodes': 'None', 'regressor:random_forest:min_impurity_decrease': 0.0, 'regressor:random_forest:min_samples_leaf': 19, 'regressor:random_forest:min_samples_split': 6, 'regressor:random_forest:min_weight_fraction_leaf': 0.0}",10,Success,0.0,NoPreprocessing,no_preprocessing,random_forest,,,,,,,,,,,,,,,,,,,,,,,,False,mse,None,0.7342189810776768,None,0.0,19.0,6.0,0.0,7
2147483647.0,150.0133936405182,"{'data_preprocessor:__choice__': 'NoPreprocessing', 'feature_preprocessor:__choice__': 'no_preprocessing', 'regressor:__choice__': 'gaussian_process', 'regressor:gaussian_process:alpha': 0.0781568170375472, 'regressor:gaussian_process:thetaL': 0.0002729069123959127, 'regressor:gaussian_process:thetaU': 202.76035244424418}",11,Crash,0.0,NoPreprocessing,no_preprocessing,gaussian_process,,,,,,,,,,,,,,,,,,0.0781568170375472,0.0002729069123959,202.76035244424412,,,,,,,,,,,,,7
0.808396579921422,0.5031557083129883,"{'data_preprocessor:__choice__': 'NoPreprocessing', 'feature_preprocessor:__choice__': 'no_preprocessing', 'regressor:__choice__': 'k_nearest_neighbors', 'regressor:k_nearest_neighbors:n_neighbors': 2, 'regressor:k_nearest_neighbors:p': 1, 'regressor:k_nearest_neighbors:weights': 'distance'}",5,Success,0.0,NoPreprocessing,no_preprocessing,k_nearest_neighbors,,,,,,,,,,,,,,,,,,,,,2.0,1.0,distance,,,,,,,,,,7
1.469167798806717,4.113700866699219,"{'data_preprocessor:__choice__': 'NoPreprocessing', 'feature_preprocessor:__choice__': 'no_preprocessing', 'regressor:__choice__': 'extra_trees', 'regressor:extra_trees:bootstrap': 'True', 'regressor:extra_trees:criterion': 'friedman_mse', 'regressor:extra_trees:max_depth': 'None', 'regressor:extra_trees:max_features': 0.8011797790281666, 'regressor:extra_trees:max_leaf_nodes': 'None', 'regressor:extra_trees:min_impurity_decrease': 0.0, 'regressor:extra_trees:min_samples_leaf': 4, 'regressor:extra_trees:min_samples_split': 16, 'regressor:extra_trees:min_weight_fraction_leaf': 0.0}",9,Success,0.0,NoPreprocessing,no_preprocessing,extra_trees,,,,,,,,,True,friedman_mse,None,0.8011797790281666,None,0.0,4.0,16.0,0.0,,,,,,,,,,,,,,,,7
0.599894596783152,0.4941887855529785,"{'data_preprocessor:__choice__': 'NoPreprocessing', 'feature_preprocessor:__choice__': 'no_preprocessing', 'regressor:__choice__': 'k_nearest_neighbors', 'regressor:k_nearest_neighbors:n_neighbors': 10, 'regressor:k_nearest_neighbors:p': 2, 'regressor:k_nearest_neighbors:weights': 'distance'}",3,Success,0.0,NoPreprocessing,no_preprocessing,k_nearest_neighbors,,,,,,,,,,,,,,,,,,,,,10.0,2.0,distance,,,,,,,,,,7
0.5934562816920262,0.4989886283874511,"{'data_preprocessor:__choice__': 'NoPreprocessing', 'feature_preprocessor:__choice__': 'no_preprocessing', 'regressor:__choice__': 'k_nearest_neighbors', 'regressor:k_nearest_neighbors:n_neighbors': 7, 'regressor:k_nearest_neighbors:p': 2, 'regressor:k_nearest_neighbors:weights': 'distance'}",2,Success,0.0,NoPreprocessing,no_preprocessing,k_nearest_neighbors,,,,,,,,,,,,,,,,,,,,,7.0,2.0,distance,,,,,,,,,,7
0.6170974198028506,0.4981539249420166,"{'data_preprocessor:__choice__': 'NoPreprocessing', 'feature_preprocessor:__choice__': 'no_preprocessing', 'regressor:__choice__': 'k_nearest_neighbors', 'regressor:k_nearest_neighbors:n_neighbors': 10, 'regressor:k_nearest_neighbors:p': 2, 'regressor:k_nearest_neighbors:weights': 'uniform'}",4,Success,0.0,NoPreprocessing,no_preprocessing,k_nearest_neighbors,,,,,,,,,,,,,,,,,,,,,10.0,2.0,uniform,,,,,,,,,,7
1.030846453990362,0.4763920307159424,"{'data_preprocessor:__choice__': 'NoPreprocessing', 'feature_preprocessor:__choice__': 'no_preprocessing', 'regressor:__choice__': 'k_nearest_neighbors', 'regressor:k_nearest_neighbors:n_neighbors': 1, 'regressor:k_nearest_neighbors:p': 2, 'regressor:k_nearest_neighbors:weights': 'distance'}",8,Success,0.0,NoPreprocessing,no_preprocessing,k_nearest_neighbors,,,,,,,,,,,,,,,,,,,,,1.0,2.0,distance,,,,,,,,,,7
0.0001448386872773,113.72372531890868,"{'data_preprocessor:__choice__': 'NoPreprocessing', 'feature_preprocessor:__choice__': 'no_preprocessing', 'regressor:__choice__': 'gaussian_process', 'regressor:gaussian_process:alpha': 2.3878986692332973e-10, 'regressor:gaussian_process:thetaL': 3.53067482596701e-07, 'regressor:gaussian_process:thetaU': 2183.0814791655525}",1,Success,0.0,NoPreprocessing,no_preprocessing,gaussian_process,,,,,,,,,,,,,,,,,,2.3878986692332973e-10,3.53067482596701e-07,2183.0814791655525,,,,,,,,,,,,,7
2147483647.0,110.01518726348876,"{'data_preprocessor:__choice__': 'NoPreprocessing', 'feature_preprocessor:__choice__': 'no_preprocessing', 'regressor:__choice__': 'random_forest', 'regressor:random_forest:bootstrap': 'False', 'regressor:random_forest:criterion': 'mae', 'regressor:random_forest:max_depth': 'None', 'regressor:random_forest:max_features': 0.11895605474946955, 'regressor:random_forest:max_leaf_nodes': 'None', 'regressor:random_forest:min_impurity_decrease': 0.0, 'regressor:random_forest:min_samples_leaf': 10, 'regressor:random_forest:min_samples_split': 12, 'regressor:random_forest:min_weight_fraction_leaf': 0.0}",11,Crash,0.0,NoPreprocessing,no_preprocessing,random_forest,,,,,,,,,,,,,,,,,,,,,,,,False,mae,None,0.1189560547494695,None,0.0,10.0,12.0,0.0,7
1.0296125238238705,15.407922267913818,"{'data_preprocessor:__choice__': 'NoPreprocessing', 'feature_preprocessor:__choice__': 'no_preprocessing', 'regressor:__choice__': 'random_forest', 'regressor:random_forest:bootstrap': 'True', 'regressor:random_forest:criterion': 'mse', 'regressor:random_forest:max_depth': 'None', 'regressor:random_forest:max_features': 1.0, 'regressor:random_forest:max_leaf_nodes': 'None', 'regressor:random_forest:min_impurity_decrease': 0.0, 'regressor:random_forest:min_samples_leaf': 1, 'regressor:random_forest:min_samples_split': 2, 'regressor:random_forest:min_weight_fraction_leaf': 0.0}",4,Success,0.0,NoPreprocessing,no_preprocessing,random_forest,,,,,,,,,,,,,,,,,,,,,,,,True,mse,None,1.0,None,0.0,1.0,2.0,0.0,8
0.0005502185553569,112.37940049171448,"{'data_preprocessor:__choice__': 'NoPreprocessing', 'feature_preprocessor:__choice__': 'no_preprocessing', 'regressor:__choice__': 'gaussian_process', 'regressor:gaussian_process:alpha': 0.0001382381999207403, 'regressor:gaussian_process:thetaL': 1.6666007388289692e-10, 'regressor:gaussian_process:thetaU': 29935.88087655255}",2,Success,0.0,NoPreprocessing,no_preprocessing,gaussian_process,,,,,,,,,,,,,,,,,,0.0001382381999207,1.6666007388289692e-10,29935.88087655255,,,,,,,,,,,,,8
2.72201290375598,3.6809587478637695,"{'data_preprocessor:__choice__': 'NoPreprocessing', 'feature_preprocessor:__choice__': 'no_preprocessing', 'regressor:__choice__': 'decision_tree', 'regressor:decision_tree:criterion': 'mae', 'regressor:decision_tree:max_depth_factor': 0.7587637796960547, 'regressor:decision_tree:max_features': 1.0, 'regressor:decision_tree:max_leaf_nodes': 'None', 'regressor:decision_tree:min_impurity_decrease': 0.0, 'regressor:decision_tree:min_samples_leaf': 7, 'regressor:decision_tree:min_samples_split': 7, 'regressor:decision_tree:min_weight_fraction_leaf': 0.0}",10,Success,0.0,NoPreprocessing,no_preprocessing,decision_tree,mae,0.7587637796960547,1.0,None,0.0,7.0,7.0,0.0,,,,,,,,,,,,,,,,,,,,,,,,,8
1.0537784437016928,0.534172534942627,"{'data_preprocessor:__choice__': 'NoPreprocessing', 'feature_preprocessor:__choice__': 'no_preprocessing', 'regressor:__choice__': 'k_nearest_neighbors', 'regressor:k_nearest_neighbors:n_neighbors': 59, 'regressor:k_nearest_neighbors:p': 1, 'regressor:k_nearest_neighbors:weights': 'uniform'}",5,Success,0.0,NoPreprocessing,no_preprocessing,k_nearest_neighbors,,,,,,,,,,,,,,,,,,,,,59.0,1.0,uniform,,,,,,,,,,8
1.8231654136476867,3.3904175758361816,"{'data_preprocessor:__choice__': 'NoPreprocessing', 'feature_preprocessor:__choice__': 'no_preprocessing', 'regressor:__choice__': 'extra_trees', 'regressor:extra_trees:bootstrap': 'True', 'regressor:extra_trees:criterion': 'friedman_mse', 'regressor:extra_trees:max_depth': 'None', 'regressor:extra_trees:max_features': 0.7414665354578622, 'regressor:extra_trees:max_leaf_nodes': 'None', 'regressor:extra_trees:min_impurity_decrease': 0.0, 'regressor:extra_trees:min_samples_leaf': 14, 'regressor:extra_trees:min_samples_split': 15, 'regressor:extra_trees:min_weight_fraction_leaf': 0.0}",8,Success,0.0,NoPreprocessing,no_preprocessing,extra_trees,,,,,,,,,True,friedman_mse,None,0.7414665354578622,None,0.0,14.0,15.0,0.0,,,,,,,,,,,,,,,,8
2.122880090336136,0.5143418312072754,"{'data_preprocessor:__choice__': 'NoPreprocessing', 'feature_preprocessor:__choice__': 'no_preprocessing', 'regressor:__choice__': 'decision_tree', 'regressor:decision_tree:criterion': 'mse', 'regressor:decision_tree:max_depth_factor': 1.8606092945197916, 'regressor:decision_tree:max_features': 1.0, 'regressor:decision_tree:max_leaf_nodes': 'None', 'regressor:decision_tree:min_impurity_decrease': 0.0, 'regressor:decision_tree:min_samples_leaf': 1, 'regressor:decision_tree:min_samples_split': 12, 'regressor:decision_tree:min_weight_fraction_leaf': 0.0}",9,Success,0.0,NoPreprocessing,no_preprocessing,decision_tree,mse,1.860609294519792,1.0,None,0.0,1.0,12.0,0.0,,,,,,,,,,,,,,,,,,,,,,,,,8
0.0001954463556448,104.30268096923828,"{'data_preprocessor:__choice__': 'NoPreprocessing', 'feature_preprocessor:__choice__': 'no_preprocessing', 'regressor:__choice__': 'gaussian_process', 'regressor:gaussian_process:alpha': 2.152972016451829e-08, 'regressor:gaussian_process:thetaL': 4.0795751505805676e-10, 'regressor:gaussian_process:thetaU': 24550.6302761867}",1,Success,0.0,NoPreprocessing,no_preprocessing,gaussian_process,,,,,,,,,,,,,,,,,,2.152972016451829e-08,4.0795751505805676e-10,24550.6302761867,,,,,,,,,,,,,8
2147483647.0,150.03441071510315,"{'data_preprocessor:__choice__': 'NoPreprocessing', 'feature_preprocessor:__choice__': 'no_preprocessing', 'regressor:__choice__': 'random_forest', 'regressor:random_forest:bootstrap': 'False', 'regressor:random_forest:criterion': 'mae', 'regressor:random_forest:max_depth': 'None', 'regressor:random_forest:max_features': 0.7857020240057417, 'regressor:random_forest:max_leaf_nodes': 'None', 'regressor:random_forest:min_impurity_decrease': 0.0, 'regressor:random_forest:min_samples_leaf': 17, 'regressor:random_forest:min_samples_split': 19, 'regressor:random_forest:min_weight_fraction_leaf': 0.0}",11,Crash,0.0,NoPreprocessing,no_preprocessing,random_forest,,,,,,,,,,,,,,,,,,,,,,,,False,mae,None,0.7857020240057417,None,0.0,17.0,19.0,0.0,8
1.4509752847749706,5.285226106643677,"{'data_preprocessor:__choice__': 'NoPreprocessing', 'feature_preprocessor:__choice__': 'no_preprocessing', 'regressor:__choice__': 'extra_trees', 'regressor:extra_trees:bootstrap': 'False', 'regressor:extra_trees:criterion': 'friedman_mse', 'regressor:extra_trees:max_depth': 'None', 'regressor:extra_trees:max_features': 0.2932145721140298, 'regressor:extra_trees:max_leaf_nodes': 'None', 'regressor:extra_trees:min_impurity_decrease': 0.0, 'regressor:extra_trees:min_samples_leaf': 2, 'regressor:extra_trees:min_samples_split': 20, 'regressor:extra_trees:min_weight_fraction_leaf': 0.0}",6,Success,0.0,NoPreprocessing,no_preprocessing,extra_trees,,,,,,,,,False,friedman_mse,None,0.2932145721140298,None,0.0,2.0,20.0,0.0,,,,,,,,,,,,,,,,8
1.5450347408021177,10.959200382232666,"{'data_preprocessor:__choice__': 'NoPreprocessing', 'feature_preprocessor:__choice__': 'no_preprocessing', 'regressor:__choice__': 'random_forest', 'regressor:random_forest:bootstrap': 'False', 'regressor:random_forest:criterion': 'mse', 'regressor:random_forest:max_depth': 'None', 'regressor:random_forest:max_features': 0.8771503527599206, 'regressor:random_forest:max_leaf_nodes': 'None', 'regressor:random_forest:min_impurity_decrease': 0.0, 'regressor:random_forest:min_samples_leaf': 9, 'regressor:random_forest:min_samples_split': 15, 'regressor:random_forest:min_weight_fraction_leaf': 0.0}",7,Success,0.0,NoPreprocessing,no_preprocessing,random_forest,,,,,,,,,,,,,,,,,,,,,,,,False,mse,None,0.8771503527599206,None,0.0,9.0,15.0,0.0,8
2147483647.0,150.10892796516418,"{'data_preprocessor:__choice__': 'NoPreprocessing', 'feature_preprocessor:__choice__': 'no_preprocessing', 'regressor:__choice__': 'gaussian_process', 'regressor:gaussian_process:alpha': 4.714911042976807e-06, 'regressor:gaussian_process:thetaL': 4.040047707619671e-06, 'regressor:gaussian_process:thetaU': 1122.2200290106362}",11,Crash,0.0,NoPreprocessing,no_preprocessing,gaussian_process,,,,,,,,,,,,,,,,,,4.714911042976807e-06,4.040047707619671e-06,1122.2200290106362,,,,,,,,,,,,,8
0.6420952573097239,0.4511737823486328,"{'data_preprocessor:__choice__': 'NoPreprocessing', 'feature_preprocessor:__choice__': 'no_preprocessing', 'regressor:__choice__': 'k_nearest_neighbors', 'regressor:k_nearest_neighbors:n_neighbors': 5, 'regressor:k_nearest_neighbors:p': 2, 'regressor:k_nearest_neighbors:weights': 'distance'}",3,Success,0.0,NoPreprocessing,no_preprocessing,k_nearest_neighbors,,,,,,,,,,,,,,,,,,,,,5.0,2.0,distance,,,,,,,,,,8
1.013072950382512,15.631876707077026,"{'data_preprocessor:__choice__': 'NoPreprocessing', 'feature_preprocessor:__choice__': 'no_preprocessing', 'regressor:__choice__': 'random_forest', 'regressor:random_forest:bootstrap': 'True', 'regressor:random_forest:criterion': 'mse', 'regressor:random_forest:max_depth': 'None', 'regressor:random_forest:max_features': 1.0, 'regressor:random_forest:max_leaf_nodes': 'None', 'regressor:random_forest:min_impurity_decrease': 0.0, 'regressor:random_forest:min_samples_leaf': 1, 'regressor:random_forest:min_samples_split': 2, 'regressor:random_forest:min_weight_fraction_leaf': 0.0}",4,Success,0.0,NoPreprocessing,no_preprocessing,random_forest,,,,,,,,,,,,,,,,,,,,,,,,True,mse,None,1.0,None,0.0,1.0,2.0,0.0,9
2147483647.0,150.01529479026794,"{'data_preprocessor:__choice__': 'NoPreprocessing', 'feature_preprocessor:__choice__': 'no_preprocessing', 'regressor:__choice__': 'extra_trees', 'regressor:extra_trees:bootstrap': 'False', 'regressor:extra_trees:criterion': 'mae', 'regressor:extra_trees:max_depth': 'None', 'regressor:extra_trees:max_features': 0.2736297262499152, 'regressor:extra_trees:max_leaf_nodes': 'None', 'regressor:extra_trees:min_impurity_decrease': 0.0, 'regressor:extra_trees:min_samples_leaf': 11, 'regressor:extra_trees:min_samples_split': 15, 'regressor:extra_trees:min_weight_fraction_leaf': 0.0}",10,Crash,0.0,NoPreprocessing,no_preprocessing,extra_trees,,,,,,,,,False,mae,None,0.2736297262499152,None,0.0,11.0,15.0,0.0,,,,,,,,,,,,,,,,9
2.629127287225628,0.5027577877044678,"{'data_preprocessor:__choice__': 'NoPreprocessing', 'feature_preprocessor:__choice__': 'no_preprocessing', 'regressor:__choice__': 'decision_tree', 'regressor:decision_tree:criterion': 'friedman_mse', 'regressor:decision_tree:max_depth_factor': 0.16712313679813917, 'regressor:decision_tree:max_features': 1.0, 'regressor:decision_tree:max_leaf_nodes': 'None', 'regressor:decision_tree:min_impurity_decrease': 0.0, 'regressor:decision_tree:min_samples_leaf': 19, 'regressor:decision_tree:min_samples_split': 16, 'regressor:decision_tree:min_weight_fraction_leaf': 0.0}",9,Success,0.0,NoPreprocessing,no_preprocessing,decision_tree,friedman_mse,0.16712313679813917,1.0,None,0.0,19.0,16.0,0.0,,,,,,,,,,,,,,,,,,,,,,,,,9
1.3948357165831158,3.2955057621002197,"{'data_preprocessor:__choice__': 'NoPreprocessing', 'feature_preprocessor:__choice__': 'no_preprocessing', 'regressor:__choice__': 'extra_trees', 'regressor:extra_trees:bootstrap': 'True', 'regressor:extra_trees:criterion': 'mse', 'regressor:extra_trees:max_depth': 'None', 'regressor:extra_trees:max_features': 0.8243440141628298, 'regressor:extra_trees:max_leaf_nodes': 'None', 'regressor:extra_trees:min_impurity_decrease': 0.0, 'regressor:extra_trees:min_samples_leaf': 8, 'regressor:extra_trees:min_samples_split': 20, 'regressor:extra_trees:min_weight_fraction_leaf': 0.0}",5,Success,0.0,NoPreprocessing,no_preprocessing,extra_trees,,,,,,,,,True,mse,None,0.8243440141628298,None,0.0,8.0,20.0,0.0,,,,,,,,,,,,,,,,9
0.0001552123673673342,118.42261147499084,"{'data_preprocessor:__choice__': 'NoPreprocessing', 'feature_preprocessor:__choice__': 'no_preprocessing', 'regressor:__choice__': 'gaussian_process', 'regressor:gaussian_process:alpha': 9.635532728400291e-07, 'regressor:gaussian_process:thetaL': 6.665009800994024e-07, 'regressor:gaussian_process:thetaU': 488.3370792131522}",1,Success,0.0,NoPreprocessing,no_preprocessing,gaussian_process,,,,,,,,,,,,,,,,,,9.635532728400291e-07,6.665009800994024e-07,488.3370792131522,,,,,,,,,,,,,9
1.7879104271250656,2.7410972118377686,"{'data_preprocessor:__choice__': 'NoPreprocessing', 'feature_preprocessor:__choice__': 'no_preprocessing', 'regressor:__choice__': 'extra_trees', 'regressor:extra_trees:bootstrap': 'True', 'regressor:extra_trees:criterion': 'mse', 'regressor:extra_trees:max_depth': 'None', 'regressor:extra_trees:max_features': 0.41855156724560927, 'regressor:extra_trees:max_leaf_nodes': 'None', 'regressor:extra_trees:min_impurity_decrease': 0.0, 'regressor:extra_trees:min_samples_leaf': 15, 'regressor:extra_trees:min_samples_split': 12, 'regressor:extra_trees:min_weight_fraction_leaf': 0.0}",6,Success,0.0,NoPreprocessing,no_preprocessing,extra_trees,,,,,,,,,True,mse,None,0.41855156724560927,None,0.0,15.0,12.0,0.0,,,,,,,,,,,,,,,,9
2.1043832128374556,107.88193488121033,"{'data_preprocessor:__choice__': 'NoPreprocessing', 'feature_preprocessor:__choice__': 'no_preprocessing', 'regressor:__choice__': 'extra_trees', 'regressor:extra_trees:bootstrap': 'True', 'regressor:extra_trees:criterion': 'mae', 'regressor:extra_trees:max_depth': 'None', 'regressor:extra_trees:max_features': 0.2992955043173451, 'regressor:extra_trees:max_leaf_nodes': 'None', 'regressor:extra_trees:min_impurity_decrease': 0.0, 'regressor:extra_trees:min_samples_leaf': 11, 'regressor:extra_trees:min_samples_split': 14, 'regressor:extra_trees:min_weight_fraction_leaf': 0.0}",8,Success,0.0,NoPreprocessing,no_preprocessing,extra_trees,,,,,,,,,True,mae,None,0.2992955043173451,None,0.0,11.0,14.0,0.0,,,,,,,,,,,,,,,,9
0.945840306006987,0.5350327491760254,"{'data_preprocessor:__choice__': 'NoPreprocessing', 'feature_preprocessor:__choice__': 'no_preprocessing', 'regressor:__choice__': 'k_nearest_neighbors', 'regressor:k_nearest_neighbors:n_neighbors': 59, 'regressor:k_nearest_neighbors:p': 2, 'regressor:k_nearest_neighbors:weights': 'distance'}",3,Success,0.0,NoPreprocessing,no_preprocessing,k_nearest_neighbors,,,,,,,,,,,,,,,,,,,,,59.0,2.0,distance,,,,,,,,,,9
1.9873656645501814,0.49790358543395996,"{'data_preprocessor:__choice__': 'NoPreprocessing', 'feature_preprocessor:__choice__': 'no_preprocessing', 'regressor:__choice__': 'decision_tree', 'regressor:decision_tree:criterion': 'mse', 'regressor:decision_tree:max_depth_factor': 1.2008663071199195, 'regressor:decision_tree:max_features': 1.0, 'regressor:decision_tree:max_leaf_nodes': 'None', 'regressor:decision_tree:min_impurity_decrease': 0.0, 'regressor:decision_tree:min_samples_leaf': 15, 'regressor:decision_tree:min_samples_split': 9, 'regressor:decision_tree:min_weight_fraction_leaf': 0.0}",7,Success,0.0,NoPreprocessing,no_preprocessing,decision_tree,mse,1.2008663071199195,1.0,None,0.0,15.0,9.0,0.0,,,,,,,,,,,,,,,,,,,,,,,,,9
0.6918393216720251,0.45157742500305176,"{'data_preprocessor:__choice__': 'NoPreprocessing', 'feature_preprocessor:__choice__': 'no_preprocessing', 'regressor:__choice__': 'k_nearest_neighbors', 'regressor:k_nearest_neighbors:n_neighbors': 13, 'regressor:k_nearest_neighbors:p': 2, 'regressor:k_nearest_neighbors:weights': 'uniform'}",2,Success,0.0,NoPreprocessing,no_preprocessing,k_nearest_neighbors,,,,,,,,,,,,,,,,,,,,,13.0,2.0,uniform,,,,,,,,,,9
2147483647.0,150.1089072227478,"{'data_preprocessor:__choice__': 'NoPreprocessing', 'feature_preprocessor:__choice__': 'no_preprocessing', 'regressor:__choice__': 'gaussian_process', 'regressor:gaussian_process:alpha': 0.6695889657851152, 'regressor:gaussian_process:thetaL': 8.92235305215516e-06, 'regressor:gaussian_process:thetaU': 66317.45841765348}",10,Crash,0.0,NoPreprocessing,no_preprocessing,gaussian_process,,,,,,,,,,,,,,,,,,0.6695889657851152,8.92235305215516e-06,66317.45841765348,,,,,,,,,,,,,9
2147483647.0,14.022780656814575,"{'data_preprocessor:__choice__': 'NoPreprocessing', 'feature_preprocessor:__choice__': 'no_preprocessing', 'regressor:__choice__': 'gaussian_process', 'regressor:gaussian_process:alpha': 0.7189742337529273, 'regressor:gaussian_process:thetaL': 1.8445932587389631e-09, 'regressor:gaussian_process:thetaU': 57.41956036393525}",10,Crash,0.0,NoPreprocessing,no_preprocessing,gaussian_process,,,,,,,,,,,,,,,,,,0.7189742337529273,1.8445932587389631e-09,57.41956036393525,,,,,,,,,,,,,9
